company,modality,position,seniority,ab,agile,ai,algorithm,analytical skill,attention detail,automation,aws,azure,bachelor,big data,business intelligence,communication,computer science,creativity,curiosity,dashboard,data mining,decision making,deep learning,economics,engineering,etl,excel,kpi,leadership,looker,machine learning,master,mathematics,modeling,motivation,natural language,optimization,ph,power bi,prediction,presentation,proactive,problem solving,programming,python,qlik,quantitative,r,reporting,research,segmentation,sql,statistic,storytelling,tableau,team work,visualization
TransPerfect,On-site,data analyst,unknown,0.0,0.0,0.04206621364148043,0.0,0.0,0.0,0.0,0.0,0.0,0.0,0.0,0.0,0.0,0.0,0.0,0.0,0.0,0.0,0.0,0.0,0.0,0.0,0.0,0.0,0.0,0.0,0.0,0.0,0.0,0.0,0.0,0.0,0.0,0.0,0.0,0.0,0.0,0.0,0.0,0.0,0.0,0.0,0.0,0.0,0.0,0.0,0.0,0.0,0.0,0.0,0.0,0.0,0.0,0.0
Essity,On-site,data analyst,unknown,0.0,0.0,0.0,0.0,0.0,0.0,0.0,0.0,0.022340510149453874,0.018157866010631962,0.0,0.0,0.0,0.016284812522655043,0.0,0.022340510149453874,0.013947713360387748,0.0,0.0,0.0,0.0,0.0,0.0,0.0,0.0,0.0,0.0,0.0,0.0,0.013682233018354405,0.016946826552736802,0.0,0.0,0.0,0.0,0.017525986041070262,0.0,0.0,0.0,0.0,0.0,0.0,0.0,0.0,0.0,0.0,0.0,0.0,0.0,0.0,0.0,0.0,0.0,0.0
Glovo,On-site,data analyst,junior,0.0,0.0,0.0,0.0,0.0,0.03823140467278825,0.020851057531487634,0.0,0.0,0.0,0.0,0.0,0.023448361155979446,0.016189215942720245,0.0180512740626365,0.022209364865385342,0.013865836231418101,0.0,0.0,0.0,0.032889980415965095,0.02255706924961463,0.0,0.0,0.0,0.0,0.019510387795080124,0.0,0.0,0.01360191433610946,0.0,0.0,0.0,0.04029647250954459,0.0,0.017423103412045178,0.0,0.0,0.01757487030508751,0.0,0.013688772282149174,0.018801601733375157,0.0,0.0,0.0,0.0,0.0,0.0,0.019574403684960922,0.011529657414202827,0.0,0.01360191433610946,0.0,0.012943786520686703
Essity,On-site,data analyst,unknown,0.0,0.017084067497554912,0.0,0.0,0.0,0.0,0.0,0.0,0.0,0.0,0.0,0.0,0.0,0.014322860077182012,0.0,0.019648982785545974,0.0,0.0,0.0,0.0,0.0,0.0,0.0,0.0,0.0,0.017443528056646534,0.0,0.0,0.014549147688988396,0.0,0.0,0.0,0.0,0.0,0.0,0.0,0.0,0.0,0.0,0.0,0.0,0.0,0.0,0.0,0.0,0.0,0.0,0.0,0.0,0.0,0.0,0.0,0.0,0.0
Preply,Unknown,data analyst,senior,0.0,0.0,0.0,0.0,0.0,0.0,0.0241190322395975,0.0,0.0,0.0,0.0,0.02233670645670771,0.0,0.0,0.04176088051409999,0.02569022633026112,0.016039021070730897,0.0,0.0,0.0,0.01902240442276013,0.0,0.0,0.0,0.0,0.022806686161034137,0.02256824007731822,0.0,0.0,0.015733734842822693,0.03897563724435631,0.0,0.0,0.0,0.0,0.0,0.0,0.0,0.020329370002218194,0.026416849819295252,0.0,0.0,0.0,0.0187265427984466,0.0,0.0,0.0,0.0,0.01132114457109709,0.013336694240315217,0.0,0.015733734842822693,0.02569022633026112,0.0
Amazon,Unknown,data analyst,senior,0.0,0.0,0.0,0.0,0.026880141876194842,0.0,0.026880141876194842,0.0,0.0,0.0,0.0,0.0746813345542309,0.0,0.0,0.0,0.0,0.03575028696455855,0.0,0.0,0.0,0.0,0.0,0.030331926017191695,0.0,0.0,0.0,0.0,0.016891129539686855,0.0,0.0,0.0,0.0,0.0,0.0,0.0,0.0,0.0,0.0,0.0,0.0,0.01764688148308232,0.01211904291496091,0.0,0.0,0.0,0.018350015010198277,0.0,0.0,0.012617171752537995,0.0,0.0,0.03506981711506364,0.0,0.016686483050838988
TELUS International,On-site,data analyst,unknown,0.0,0.0,0.22502919969251084,0.0,0.0,0.02180898848596865,0.0,0.0,0.0,0.0,0.0,0.0,0.0,0.0,0.0,0.0,0.0,0.0,0.0,0.0,0.0,0.0,0.0,0.0,0.0,0.0,0.0,0.02989719762334918,0.0,0.0,0.0,0.0,0.0,0.0,0.0,0.0,0.0,0.0,0.0,0.0,0.0,0.0,0.0,0.0,0.0,0.0,0.0,0.0,0.0,0.0,0.0,0.0,0.0,0.0
Tech Data,Unknown,data analyst,senior,0.0,0.0,0.0,0.0,0.0,0.0,0.016540595396051204,0.0,0.0,0.0,0.0,0.0,0.01860096803223717,0.0,0.0,0.0,0.021998806207833732,0.0,0.030027803750540046,0.0,0.02609075620375563,0.0,0.0,0.0,0.0,0.0,0.0,0.010393893781701993,0.0,0.0,0.013364554588217597,0.0,0.0,0.0,0.0,0.0,0.0,0.0,0.01394168225834766,0.054349248364349345,0.0,0.0,0.0,0.0,0.0,0.022583227067261485,0.0,0.0,0.0,0.018292347815492768,0.0,0.021580081615101023,0.0,0.010267965325414607
Glovo,On-site,data analyst,unknown,0.0,0.0,0.0,0.0,0.0,0.0,0.0,0.0,0.0,0.0,0.0,0.026128754719973692,0.0,0.0,0.0,0.0,0.0,0.0,0.025609546502133086,0.0,0.0,0.0,0.0,0.0,0.023780637643650307,0.0,0.02639959523955006,0.0,0.0,0.0,0.0,0.0,0.0,0.0,0.0,0.0,0.0,0.0,0.023780637643650307,0.0,0.01852234057932143,0.012720266783766625,0.03135743735797396,0.0,0.0,0.0,0.0,0.0,0.013243107716926938,0.0,0.0,0.018404812694029195,0.0,0.0
Gartner,Unknown,data analyst,junior,0.0,0.0,0.0,0.0,0.0,0.0,0.0,0.0,0.0,0.0,0.0,0.025140075798556837,0.0076318836464096835,0.0,0.011750520422222684,0.0,0.009025999563416775,0.0,0.0,0.0,0.021409812139756245,0.0,0.0,0.011541417524484784,0.0,0.0,0.0,0.0,0.0,0.008854198968625797,0.0,0.0,0.0,0.0,0.0,0.011341611220977299,0.01738156682915101,0.0,0.0,0.014866148868082999,0.0,0.006119474015294359,0.0,0.021076818389064198,0.0,0.009265784503209015,0.0,0.0,0.006371002663159666,0.007505258323413538,0.0,0.008854198968625797,0.0,0.008425789078624471
Agoda,Unknown,data analyst,unknown,0.0,0.0,0.0187977690476214,0.0,0.03576953459838532,0.0,0.0,0.0,0.0,0.015483283549367888,0.0,0.016563135421027914,0.0,0.013886123495400188,0.030966567098735777,0.01904984060786594,0.011893269875311422,0.020181420211707397,0.0,0.0,0.0,0.009674040126547701,0.0,0.015207755373564934,0.0,0.016911635210062642,0.0,0.011238553822714535,0.0,0.011666893746636467,0.014450625454794199,0.0,0.0,0.01728193001058063,0.0,0.014944477021543461,0.0,0.0,0.0,0.0,0.02348279040601827,0.01612686892958379,0.0,0.013886123495400188,0.023786539750622844,0.0,0.013994801547971855,0.0,0.025184597068804535,0.01977887592329875,0.0,0.023333787493272935,0.0,0.011102391787242457
eDreams ODIGEO,Unknown,data analyst,senior,0.023037453313429303,0.0,0.0,0.0,0.0,0.0,0.0,0.0,0.0,0.017674446008523664,0.0,0.0,0.0,0.015851259146976115,0.0,0.0,0.027152761958502598,0.0,0.018531410288179753,0.0,0.016101694015233172,0.011043090398479415,0.0,0.0,0.0,0.0,0.01910310011874793,0.0,0.0,0.013317968566204232,0.0,0.0,0.0,0.0,0.0,0.0,0.0,0.0,0.0,0.0,0.026806026631062498,0.009204555134369519,0.0,0.015851259146976115,0.0407291429377539,0.027874102940813467,0.03195063418827981,0.0,0.01916577964959211,0.01128897089241462,0.0,0.013317968566204232,0.0,0.025347158899909766
Glovo,On-site,data analyst,unknown,0.0,0.0,0.0,0.0,0.0,0.0,0.0,0.0,0.0,0.0,0.0,0.026128754719973692,0.0,0.0,0.0,0.0,0.0,0.0,0.025609546502133086,0.0,0.0,0.0,0.0,0.0,0.023780637643650307,0.0,0.02639959523955006,0.0,0.0,0.0,0.0,0.0,0.0,0.0,0.0,0.0,0.0,0.0,0.023780637643650307,0.0,0.01852234057932143,0.012720266783766625,0.03135743735797396,0.0,0.0,0.0,0.0,0.0,0.013243107716926938,0.0,0.0,0.018404812694029195,0.0,0.0
Glovo,On-site,data analyst,junior,0.0,0.0,0.0,0.0,0.0,0.02432336843349129,0.0,0.0,0.0,0.022968959339960925,0.0,0.0,0.014918183949552962,0.0,0.0,0.0,0.017643288086419028,0.0,0.0,0.0,0.0,0.0,0.0,0.022560222042936482,0.0,0.0,0.0248255775418997,0.0,0.0,0.0,0.021437043857646262,0.0,0.0,0.0,0.0,0.0,0.0,0.0,0.0,0.029059135818957648,0.0,0.0,0.029487819248054225,0.0,0.0,0.018112000137845013,0.0,0.0,0.012453516598987954,0.0,0.0,0.01730746629006078,0.0,0.032940091127879524
TDCX,On-site,data analyst,senior,0.0,0.0,0.0,0.0,0.0,0.0,0.0,0.0,0.0,0.0,0.0,0.0,0.013184859076635583,0.0,0.0,0.0,0.0,0.0,0.0,0.0,0.0,0.0,0.0,0.0,0.019764467693183404,0.0,0.0,0.0,0.0,0.0,0.0,0.0,0.0,0.0,0.0,0.0,0.0,0.020487352263484703,0.019764467693183404,0.0,0.0,0.0,0.0,0.0,0.0,0.016007589812608976,0.0,0.0,0.0,0.0,0.0,0.0,0.0,0.014556411858215493
Wallbox Chargers,Hybrid,data analyst,junior,0.0,0.01817946234017585,0.0,0.0,0.0,0.0,0.0,0.0,0.0,0.0,0.0,0.0,0.022075278125052167,0.015241212048243467,0.0,0.0,0.026107768402989204,0.0,0.017818215646864144,0.0,0.0,0.0,0.0,0.0,0.033091451246058015,0.0,0.03673580716699147,0.0,0.0,0.0,0.031721602772612496,0.0,0.0,0.0,0.0,0.0,0.0,0.01715088483819227,0.0,0.0,0.012887188716892048,0.008850311215777219,0.021817394577091608,0.015241212048243467,0.013053884201494602,0.0,0.015360495536164599,0.0,0.009214085423777435,0.010854506735546134,0.0,0.025610833951709357,0.0,0.024371655275583794
Hays,Hybrid,data analyst,junior,0.0,0.0,0.0,0.0,0.0,0.0,0.0,0.0,0.0,0.0,0.0,0.0,0.0,0.0,0.0,0.0,0.0,0.0,0.0,0.0,0.0,0.0,0.07653999673592995,0.02883844482803631,0.0,0.0,0.0,0.0,0.05349652110419987,0.0,0.0,0.0,0.0,0.0,0.0,0.0,0.0,0.0,0.0,0.0,0.0,0.0,0.0,0.0,0.0,0.0,0.0,0.0,0.03183834367156806,0.0,0.0,0.0,0.0,0.0
MA (Montreal Associates),Unknown,data analyst,unknown,0.05492995448113406,0.0,0.0,0.0,0.0,0.0,0.0,0.0,0.0,0.0,0.0,0.0,0.02737128710254093,0.0,0.04214252771427308,0.0,0.0,0.0,0.0,0.0,0.0,0.02633088148532101,0.0,0.0,0.0,0.0,0.0455489765164138,0.0,0.0,0.0,0.0,0.0,0.0,0.0,0.0,0.0,0.0,0.042530996919674595,0.0,0.0,0.0,0.043894243662364524,0.0,0.0,0.06474239830789677,0.0,0.0,0.051850011866652806,0.02284921404775766,0.0,0.0,0.03175504675667968,0.0,0.0302185807097542
Pierre Fabre Group,On-site,data analyst,junior,0.0,0.0,0.0,0.0,0.0,0.0,0.0,0.0,0.0,0.03417619125141743,0.0,0.03655974406638611,0.0,0.0,0.0,0.0,0.0,0.0,0.035833260169053395,0.0,0.0,0.021353470953664636,0.0,0.0,0.0,0.0,0.0,0.0,0.0,0.0,0.0,0.0,0.0,0.0,0.0,0.0,0.0,0.0,0.0,0.0,0.0,0.0,0.0,0.0,0.0,0.026949378571965513,0.0,0.0,0.0,0.02182891775305343,0.0,0.025752288958842472,0.0,0.0
MANGO,Hybrid,data analyst,senior,0.0,0.0,0.0,0.0,0.0,0.0,0.0,0.0,0.0,0.0,0.0,0.0,0.0,0.0,0.0,0.0,0.0,0.0,0.0,0.0,0.0,0.01690067500280053,0.0,0.02656814812927963,0.026335617269759307,0.0,0.0,0.0,0.0,0.02038221641886804,0.0,0.0,0.0,0.0,0.0,0.0,0.0,0.0,0.026335617269759307,0.0,0.020512371440443197,0.0,0.034726464495814596,0.024259239901278068,0.020777698485210563,0.0,0.0,0.0,0.014665940481554247,0.01727697784625993,0.0,0.02038221641886804,0.0,0.01939602409080635
Ingram Micro,Unknown,data analyst,unknown,0.0,0.0,0.0,0.0,0.0,0.0,0.0,0.0,0.0,0.0,0.0,0.0,0.0,0.0,0.0,0.0,0.0,0.0,0.0,0.0,0.0,0.0,0.0,0.0,0.0,0.0,0.0,0.0,0.0,0.0,0.0,0.0,0.0,0.0,0.0,0.0,0.0,0.0,0.0,0.0,0.0,0.0,0.0,0.0,0.0,0.0,0.0,0.0,0.0,0.0,0.0,0.0,0.0,0.0
Modis,Hybrid,data analyst,junior,0.0,0.0,0.0,0.0,0.0,0.0,0.0,0.0,0.0,0.0,0.0,0.0,0.0,0.0,0.0,0.0,0.0,0.0,0.0,0.0,0.0,0.0,0.0,0.0,0.03903839615324936,0.0,0.0,0.0,0.0,0.0,0.0,0.0,0.0,0.0,0.0,0.03870128208124285,0.0,0.0,0.03903839615324936,0.0,0.0,0.0,0.0,0.0,0.0,0.03161788327741679,0.0,0.0,0.021739942094933247,0.0,0.0,0.0,0.0,0.0
Dow Jones,On-site,data analyst,unknown,0.0,0.0,0.0,0.0,0.0,0.015314102621110257,0.0,0.0,0.0,0.0,0.0,0.0,0.0,0.0,0.0,0.0,0.0,0.0,0.0,0.0,0.0,0.0,0.0,0.0,0.0,0.0,0.0,0.0,0.0,0.0,0.0,0.0,0.0,0.0,0.0,0.0,0.0,0.0,0.0,0.0,0.0,0.0,0.0,0.0,0.04443317545726141,0.011403397088809754,0.026142241754785054,0.0,0.0,0.0,0.0,0.0,0.0,0.0
King,Unknown,data scientist,unknown,0.033773230972042205,0.0,0.0,0.0,0.0,0.0,0.0,0.0,0.0,0.0,0.015728858255380247,0.01385904937133915,0.008414505437408381,0.0,0.012955493370458461,0.01593977678678973,0.0,0.0,0.0,0.0,0.011802655085590922,0.008094663016757488,0.0,0.012724947734346577,0.0,0.0,0.0,0.009403755287402392,0.0,0.0,0.0,0.0,0.0,0.0,0.0,0.0,0.01916398301792416,0.0,0.0,0.0,0.0,0.013494007445985516,0.016632414256260938,0.011619084563840412,0.01990316569884958,0.010215956858931554,0.0,0.01593977678678973,0.014048651429878609,0.0,0.0,0.00976216473117311,0.0,0.0
Preply,Hybrid,data analyst,senior,0.0,0.0,0.0,0.0,0.0,0.0,0.0241190322395975,0.0,0.0,0.0,0.0,0.02233670645670771,0.0,0.0,0.04176088051409999,0.02569022633026112,0.016039021070730897,0.0,0.0,0.0,0.01902240442276013,0.0,0.0,0.0,0.0,0.022806686161034137,0.02256824007731822,0.0,0.0,0.015733734842822693,0.03897563724435631,0.0,0.0,0.0,0.0,0.0,0.0,0.0,0.020329370002218194,0.026416849819295252,0.0,0.0,0.0,0.0187265427984466,0.0,0.0,0.0,0.0,0.01132114457109709,0.013336694240315217,0.0,0.015733734842822693,0.02569022633026112,0.0
Glovo,On-site,data analyst,senior,0.0,0.02715543582167678,0.0,0.0,0.0,0.0,0.0,0.0,0.0,0.0,0.0,0.02715543582167678,0.0,0.0,0.0,0.0,0.019499141835118663,0.0,0.0,0.0,0.0,0.03172138234881238,0.0,0.0,0.02471505382677292,0.0,0.027436918518655193,0.0,0.0,0.0,0.0,0.0,0.0,0.0,0.0,0.0,0.0,0.0,0.0,0.0,0.019250141702486345,0.026440172291649824,0.0,0.0,0.038998283670237326,0.0,0.0,0.0,0.01376347114666183,0.0,0.0,0.01912799577626389,0.03123241529398614,0.03640497767866023
Glovo,On-site,data analyst,junior,0.0,0.0,0.0,0.0,0.0,0.02432336843349129,0.0,0.0,0.0,0.022968959339960925,0.0,0.0,0.014918183949552962,0.0,0.0,0.0,0.017643288086419028,0.0,0.0,0.0,0.0,0.0,0.0,0.022560222042936482,0.0,0.0,0.0248255775418997,0.0,0.0,0.0,0.021437043857646262,0.0,0.0,0.0,0.0,0.0,0.0,0.0,0.0,0.029059135818957648,0.0,0.0,0.029487819248054225,0.0,0.0,0.018112000137845013,0.0,0.0,0.012453516598987954,0.0,0.0,0.01730746629006078,0.0,0.032940091127879524
Glovo,On-site,data analyst,senior,0.0,0.022819499210790555,0.0,0.0,0.0,0.0,0.0,0.0,0.0,0.0,0.0,0.0,0.0,0.01913130431463679,0.0,0.0,0.016385693628323,0.0,0.0,0.0,0.0,0.026656396318857262,0.0,0.0,0.02076877554086208,0.0,0.023056037273509574,0.0,0.0,0.016073808845742422,0.0,0.0,0.0,0.0,0.0,0.0,0.0,0.0,0.0,0.0,0.016176451605200905,0.022218442550675073,0.0,0.01913130431463679,0.032771387256646,0.0,0.0,0.0,0.0115658434293394,0.013624957837059984,0.0,0.016073808845742422,0.026245503140968983,0.0305921571232488
Amazon,Unknown,data analyst,senior,0.0,0.0,0.0,0.0,0.026880141876194842,0.0,0.026880141876194842,0.0,0.0,0.0,0.0,0.0746813345542309,0.0,0.0,0.0,0.0,0.03575028696455855,0.0,0.0,0.0,0.0,0.0,0.030331926017191695,0.0,0.0,0.0,0.0,0.016891129539686855,0.0,0.0,0.0,0.0,0.0,0.0,0.0,0.0,0.0,0.0,0.0,0.0,0.01764688148308232,0.01211904291496091,0.0,0.0,0.0,0.018350015010198277,0.0,0.0,0.012617171752537995,0.0,0.0,0.03506981711506364,0.0,0.016686483050838988
eDreams ODIGEO,Unknown,data analyst,unknown,0.0,0.0,0.0,0.0,0.020162857021234836,0.01848477816950807,0.0,0.0,0.0,0.0,0.0,0.0,0.011337217612495818,0.0,0.0,0.0,0.0,0.0,0.0,0.0,0.0,0.0,0.0,0.017144858084060577,0.016994802138601325,0.0,0.0,0.0,0.0,0.0,0.0,0.0,0.0,0.0,0.0,0.0,0.0,0.0,0.0,0.0,0.0,0.0,0.0,0.0,0.0,0.041293166980915876,0.0,0.0,0.0,0.0,0.0,0.0,0.0,0.0
Glovo,On-site,data analyst,senior,0.0,0.0,0.0,0.0,0.0,0.0,0.0,0.0,0.0,0.0,0.0,0.02543674946247583,0.015443892357049587,0.0,0.0,0.0,0.018265027630205353,0.0,0.024931292179968055,0.0,0.0,0.0,0.0,0.0,0.06945246280761866,0.025971956209028646,0.02570041692441899,0.0,0.0,0.0,0.0,0.0,0.0,0.0,0.0,0.0,0.0,0.0,0.023150820935872885,0.0,0.01803178688859164,0.012383377728567487,0.030526953404722633,0.0,0.0,0.0,0.0,0.0,0.012892371515988956,0.0,0.0,0.0179173716627199,0.0,0.0
MANGO,Hybrid,data analyst,senior,0.0,0.0,0.0,0.0,0.0,0.0,0.0,0.0,0.0,0.0,0.0,0.0,0.014798363283777163,0.0,0.0,0.0,0.0,0.0,0.02388920553727836,0.0,0.0,0.014235865063345522,0.0,0.02237902164787663,0.0,0.0,0.0,0.0,0.02075701049442649,0.017168455258907124,0.0,0.0,0.0,0.0,0.0,0.0,0.0,0.0,0.0221831550367119,0.0,0.017278088118195513,0.0,0.0,0.0,0.0,0.0,0.0,0.0,0.012353491779935805,0.014552834444837891,0.0,0.0,0.0,0.0
Media Markt Iberia,Hybrid,data scientist,junior,0.0,0.0,0.0,0.0,0.0,0.0,0.0,0.0,0.0,0.020890750118107527,0.0,0.02234773535922205,0.0,0.0,0.0,0.0,0.016046940447750842,0.0,0.043807320634524076,0.0,0.01903179686583913,0.0,0.0,0.04103798995264442,0.06101822330563628,0.0,0.0,0.0,0.0,0.0,0.0,0.0,0.0,0.0,0.0,0.040327535707451415,0.0,0.0,0.0,0.0,0.015842024234841594,0.0,0.0,0.0,0.0,0.04941973165852968,0.0,0.0,0.011326734464131114,0.0,0.0,0.0157415034826669,0.0,0.014979851773758953
Agoda,Unknown,data analyst,senior,0.0,0.0,0.0181207716430904,0.0,0.017240651446320938,0.01580577678785392,0.0,0.0,0.0,0.014925656591084456,0.0,0.01596661784160004,0.009694113141916264,0.0,0.014925656591084456,0.0,0.0,0.019454590923164556,0.0,0.0,0.0,0.0,0.0,0.0,0.0,0.0,0.0,0.010833799846357834,0.0,0.0,0.0,0.0,0.0,0.0,0.0,0.014406255058605882,0.0,0.01506324107570166,0.0,0.0,0.0226370630159357,0.007773031694631218,0.0,0.0,0.011464936448266187,0.011769514248946766,0.0,0.0,0.02427757949631781,0.009533272088170144,0.0,0.022493426409422798,0.0,0.02140508331164968
Pierre Fabre Group,On-site,data analyst,junior,0.0,0.0,0.0,0.0,0.0,0.0,0.0,0.0,0.0,0.03372173096886769,0.0,0.036073588324333765,0.0,0.0,0.0,0.0,0.0,0.0,0.035356764897204435,0.0,0.0,0.021069521687006154,0.0,0.0,0.0,0.0,0.0,0.0,0.0,0.0,0.0,0.0,0.0,0.0,0.0,0.0,0.0,0.0,0.0,0.0,0.0,0.0,0.0,0.0,0.0,0.026591017334159434,0.0,0.0,0.0,0.021538646199478945,0.0,0.025409846103509593,0.0,0.0
Domestika,Remote,data analyst,senior,0.0,0.0,0.0,0.0,0.0,0.018224818839630955,0.0,0.0,0.0,0.0,0.0,0.01841027629014683,0.0,0.0,0.17209998033383084,0.0,0.013219621697941464,0.0,0.0,0.0,0.0,0.0,0.0,0.0,0.016755796977985838,0.0,0.0,0.0,0.0,0.0,0.0,0.0,0.0,0.0,0.0,0.0,0.0,0.0,0.0,0.0,0.0,0.017925356832601224,0.0,0.0,0.0,0.0,0.015555518721222088,0.0,0.018662142503287734,0.010992320028796356,0.0,0.0,0.0,0.0
Meta,Remote,data analyst,senior,0.0,0.0,0.0,0.0,0.0,0.0,0.0,0.0,0.0,0.0,0.0,0.0,0.015838585085032088,0.021870549712455764,0.024386065894536384,0.0,0.0,0.0,0.0,0.0,0.0,0.01523654716005072,0.03178559906616947,0.0,0.0,0.0,0.0,0.0,0.0,0.0,0.0,0.0,0.0,0.0,0.0,0.0,0.0,0.02461085629403848,0.0,0.03085198551797294,0.03698523458560101,0.012699854237489478,0.0,0.04374109942491153,0.018731818864913152,0.0,0.0,0.0,0.0,0.0,0.0,0.01837527800759333,0.0,0.017486191275086955
Back Market,Hybrid,data analyst,senior,0.0,0.0,0.0,0.0,0.024990476121480323,0.0,0.0,0.0,0.0,0.0,0.0,0.0,0.0,0.0,0.0,0.0,0.01661852636118493,0.0,0.022683860364165493,0.0,0.0,0.0,0.0,0.0,0.0,0.0,0.0,0.0,0.0,0.0,0.0,0.0,0.0,0.0,0.0,0.0,0.0,0.021834300611346894,0.0,0.0,0.0,0.011267077903697397,0.0,0.0,0.0,0.0,0.0,0.0,0.011730188436306424,0.0,0.0,0.016302209847613068,0.0,0.0
Softonic,Hybrid,data scientist,unknown,0.0,0.027380571093884795,0.0,0.0,0.0,0.0,0.0,0.0,0.0,0.0,0.0,0.0,0.01662408136198004,0.0,0.0,0.0,0.0,0.0,0.0,0.0,0.0,0.0,0.0,0.0,0.0,0.0,0.0,0.07431395423951415,0.023317864595816577,0.0192865786310618,0.0,0.035676446562535366,0.0,0.028568812683467025,0.0,0.0,0.0,0.02583140319817686,0.0,0.0,0.0,0.02665937758907892,0.0,0.0,0.0,0.0,0.0,0.0,0.027755157582776486,0.0,0.0,0.0,0.0,0.0
Boehringer Ingelheim,Hybrid,data scientist,unknown,0.0,0.026418519918399976,0.05996560716102009,0.0,0.0,0.0,0.0,0.0,0.0,0.0,0.0,0.026418519918399976,0.0,0.0,0.0,0.0,0.0,0.0,0.0,0.0,0.0,0.015430280274719871,0.0,0.0,0.0,0.0,0.0,0.03585141948938651,0.0,0.01860892017100004,0.0,0.0,0.0,0.0,0.0,0.023836728604083014,0.0,0.0,0.0,0.0,0.018727751428434088,0.012861333232134934,0.0,0.0,0.0,0.0,0.0,0.0,0.013389972417388247,0.0,0.0,0.01860892017100004,0.0,0.0
Kraz (Viko Group),Hybrid,data scientist,unknown,0.0,0.0,0.0,0.021298438016860714,0.0,0.0,0.0,0.02567985888743573,0.028306862621167644,0.0,0.0,0.0,0.0,0.0,0.02300718359688367,0.0,0.0,0.0,0.0,0.0,0.0,0.014375013969448961,0.0,0.0,0.0,0.0,0.0,0.016699782726203982,0.0,0.017336268859143748,0.0,0.0,0.0,0.0,0.0,0.0,0.0,0.0,0.0,0.0,0.017446973328227193,0.011981755456547224,0.02953689199716516,0.0,0.017672649520117246,0.0,0.0,0.0,0.012474241369798236,0.014695081578025296,0.0,0.017336268859143748,0.028306862621167644,0.0
Ocado Technology,Unknown,data scientist,senior,0.0,0.0,0.0186214451415604,0.014198891345986871,0.0,0.0,0.0,0.0,0.0,0.0,0.0,0.0,0.009961959657336478,0.0,0.0,0.0,0.0,0.0,0.0,0.018871152259407727,0.0,0.00958329720177921,0.0,0.0,0.0,0.016753003322918868,0.0,0.05566567845098456,0.01397320076464615,0.011557457766664902,0.0,0.0,0.0,0.0,0.01771700738996105,0.0,0.0,0.015479435581996001,0.0,0.0,0.011631260396077753,0.015975598184901574,0.0,0.01375587104211429,0.0,0.0,0.04159058906922121,0.0,0.0083161214776954,0.009796674595649483,0.0,0.0,0.0,0.010998250860647027
Newrest,On-site,data analyst,unknown,0.0,0.0,0.0,0.0,0.0,0.00350481289919286,0.0,0.0,0.0,0.0,0.0,0.0,0.0,0.0,0.0,0.0,0.0,0.0,0.0,0.0,0.0,0.0020678891594665062,0.0,0.0032507568777302583,0.0,0.0,0.0,0.0,0.0,0.002493874615747198,0.0,0.0,0.0,0.0,0.0,0.0,0.0,0.0033401611533791097,0.0,0.0,0.0,0.001723611696839446,0.0,0.0,0.0,0.0026098018408460414,0.0,0.0,0.001794457282337042,0.002113931851284269,0.0,0.0,0.0,0.0
ID Finance,Hybrid,data analyst,junior,0.0,0.0,0.0,0.0,0.0,0.029182138768577084,0.0,0.0,0.0,0.0,0.0,0.0,0.0,0.0,0.0,0.0,0.0,0.0,0.0,0.0,0.02510501460276262,0.0,0.0,0.027066791020621234,0.0,0.0,0.0,0.0,0.0,0.0207647589761287,0.0,0.0,0.0,0.0,0.0,0.0,0.0,0.0,0.026829895917889337,0.0,0.020897356805383384,0.0,0.0,0.0,0.0,0.04346000866157292,0.0,0.0,0.014941197414419157,0.03520247979325759,0.0,0.0,0.0,0.0
NTT DATA Business Solutions Spain,Hybrid,data analyst,junior,0.0,0.0,0.0,0.0,0.0,0.0,0.0,0.0,0.0,0.0,0.0,0.0,0.0,0.0,0.0,0.0,0.0,0.0,0.0,0.0,0.0,0.0,0.0,0.0,0.0,0.0,0.0,0.0,0.0,0.0,0.0,0.0,0.0,0.0,0.0,0.0,0.0,0.0,0.0,0.0,0.0,0.0,0.0,0.0,0.0,0.0,0.0,0.0,0.0,0.0,0.0,0.0,0.0,0.0
Glovo,On-site,data analyst,senior,0.0,0.0,0.0,0.0,0.0,0.0,0.0,0.0,0.0,0.0,0.0,0.0,0.0,0.0,0.0,0.0,0.0,0.0,0.0,0.0,0.0,0.0,0.0,0.0,0.04683303906238024,0.0,0.02599537686103637,0.0,0.0,0.0,0.0,0.0,0.0,0.0,0.0,0.0,0.0,0.0,0.0,0.0,0.018238735076763,0.025050999897267532,0.0,0.0,0.018474652688349885,0.0,0.0,0.0,0.026080670767032722,0.0,0.0,0.018123006724031474,0.0,0.01724612612256238
Microsoft,Unknown,data scientist,unknown,0.0,0.0,0.0,0.0,0.0,0.0,0.0,0.0,0.0,0.0,0.0,0.0,0.014125669862290727,0.0,0.0,0.0,0.0,0.0,0.0,0.0,0.0,0.0,0.0,0.0,0.0,0.0,0.0,0.015786351752186786,0.0,0.016388023890364374,0.0,0.0,0.0,0.0,0.0,0.0,0.0,0.0,0.0,0.0,0.01649267313749189,0.011326387255861804,0.0,0.0,0.0,0.0,0.0,0.0,0.0,0.013891302097827896,0.0,0.0,0.026758557142027947,0.0
PayFit Espa침a,Unknown,data analyst,senior,0.0,0.0,0.0,0.0,0.0,0.0,0.0,0.0,0.0,0.0,0.0,0.0,0.014451902799196076,0.0,0.0,0.0,0.017091831374742007,0.0,0.0,0.0,0.0,0.0,0.0,0.0,0.0,0.0,0.024049631964766772,0.0,0.0,0.0,0.0,0.03101479875583715,0.0,0.0,0.0,0.0,0.0,0.0,0.02166380120709062,0.0,0.0,0.011587970643766914,0.0,0.0,0.0,0.0,0.0,0.0,0.024128541651632068,0.0,0.0,0.0,0.0,0.01595525959414923
"Alexion Pharmaceuticals, Inc.",On-site,data analyst,senior,0.0,0.0,0.0,0.0,0.018332338705967417,0.0,0.0,0.0,0.0,0.015870757139812414,0.0,0.016977632612798752,0.010307949564719176,0.014233627699593264,0.0,0.0,0.012190902348812226,0.0,0.0,0.0,0.014458505524421938,0.00991613574211827,0.0,0.015588333792761928,0.015451900924438454,0.0,0.0,0.0,0.0,0.0,0.0,0.0,0.0,0.0,0.0,0.0,0.0,0.016017053547494085,0.0,0.02007885862173699,0.0,0.0,0.020375064056748455,0.0,0.0,0.02502953235707859,0.0,0.0,0.008604949599753907,0.010136923969527539,0.0,0.0,0.0,0.011380232310837356
Lingokids,Remote,data analyst,junior,0.0,0.0,0.0,0.0,0.0,0.0,0.0,0.01752830697818027,0.0,0.0,0.0,0.0,0.010199653887319646,0.0,0.0,0.0,0.0,0.0,0.0,0.0,0.0,0.0,0.0,0.0,0.015289562714766775,0.01715273313128183,0.01697339966690653,0.0,0.0,0.0,0.029313276797587086,0.0,0.0,0.0,0.0,0.0,0.0,0.0,0.0,0.0,0.0,0.008178389480270927,0.0,0.0,0.012062824303834704,0.0,0.0,0.0,0.0170290913986851,0.0,0.0,0.0,0.0,0.011260671193533838
Holded,Hybrid,data analyst,junior,0.0,0.0,0.0,0.0,0.0,0.0,0.0,0.0,0.0,0.0,0.0,0.021442007053403673,0.0,0.0,0.0,0.0,0.0,0.0,0.02101592986800252,0.0,0.0,0.012523645514906544,0.0,0.0,0.0585452240898184,0.0,0.0,0.0,0.0,0.0,0.0,0.0,0.0,0.0,0.0,0.0,0.0,0.0,0.0,0.0,0.0,0.0,0.0,0.0,0.0,0.0,0.0,0.0,0.010867674794247443,0.0,0.0,0.0,0.0,0.014372735412733213
Weekendesk,Hybrid,data analyst,unknown,0.0,0.0,0.0,0.0,0.0,0.0,0.0,0.0,0.0,0.0,0.03304286117953808,0.0,0.0,0.0,0.0,0.0,0.020906080102650517,0.0,0.0,0.0,0.0,0.017005101197753305,0.0,0.0,0.05299668051167745,0.0,0.0,0.0,0.0,0.0,0.0,0.0,0.0,0.030378307809158168,0.0,0.0,0.0,0.0,0.0,0.0,0.0,0.014173966334804807,0.0,0.0,0.0,0.02146147157187059,0.0,0.0,0.04426967597585255,0.0,0.0,0.061524463273791054,0.0,0.0
Socium - Teams Done Differently,Hybrid,data analyst,senior,0.0,0.0,0.0,0.0,0.0,0.0,0.0,0.0,0.0,0.0,0.0,0.0,0.0,0.0,0.0,0.0,0.0,0.0,0.04165752218722705,0.0,0.0,0.0,0.0,0.0,0.0,0.0,0.04294264735745203,0.0,0.0,0.0,0.0,0.0,0.0,0.0,0.0,0.0,0.0,0.0,0.0,0.0,0.0,0.020691299462412157,0.0,0.0,0.030518907253710165,0.0,0.0,0.0,0.021541773631164114,0.0,0.0,0.0,0.0,0.0
eDreams ODIGEO,Unknown,data analyst,senior,0.04428245705883261,0.0,0.0,0.0,0.0,0.0,0.0,0.0,0.0,0.01698685800385022,0.0,0.0,0.0,0.01523459848088368,0.0,0.0,0.02609643954775116,0.0,0.017810483849088562,0.0,0.015475290695182446,0.010613481657766573,0.0,0.0,0.0,0.0,0.01835993326150146,0.0,0.0,0.012799860364774674,0.0,0.0,0.0,0.0,0.0,0.0,0.0,0.0,0.0,0.0,0.02576319324575657,0.00884647083030162,0.0,0.01523459848088368,0.03914465932162674,0.026789718241350007,0.030707660417052366,0.0,0.018420174373991467,0.010849796676318196,0.0,0.012799860364774674,0.02089976175725397,0.02436107976601642
Smadex,Hybrid,data analyst,junior,0.0,0.0,0.0,0.0381704233096816,0.023814030806239953,0.0,0.0,0.0,0.0,0.020616393004064395,0.025029716277541247,0.0,0.01339020800458401,0.0,0.020616393004064395,0.0,0.0,0.0,0.0,0.0,0.0,0.025762469898594428,0.0,0.020249520102852265,0.020072291404356676,0.0,0.0,0.0,0.018781853286329225,0.0,0.0,0.028736327135003608,0.0,0.0,0.0,0.0,0.0,0.0,0.0,0.0,0.0,0.01073667180211617,0.0,0.0,0.015836196829375412,0.0,0.0,0.0,0.022355962121513497,0.0,0.0,0.0,0.0,0.0
Glovo,On-site,data analyst,unknown,0.0,0.0,0.0,0.0,0.0,0.0,0.0,0.0,0.0,0.0,0.0,0.0,0.0,0.02144569216049306,0.0,0.0,0.01836793433473953,0.0,0.0,0.0,0.021784513767098296,0.029881123636978032,0.0,0.0,0.046562509223058365,0.0,0.0,0.017356792606007455,0.0,0.018018319644242543,0.0,0.0,0.0,0.10676066681068147,0.0,0.0,0.0,0.0,0.023281254611529183,0.0,0.018133379495136562,0.012453146722014911,0.0,0.0,0.01836793433473953,0.018855897357296564,0.06484060276672916,0.0,0.01296500822331847,0.0,0.0,0.0,0.029420523122819828,0.017146504320896955
atSistemas,Remote,data analyst,unknown,0.0,0.0,0.0,0.0,0.0,0.0,0.0,0.0,0.0,0.0,0.0,0.0,0.0,0.0,0.0,0.0,0.0,0.0,0.0,0.0,0.0,0.0,0.02910404747356641,0.0,0.0,0.0,0.0,0.0,0.0,0.0,0.0,0.0,0.0,0.0,0.0,0.0,0.0,0.0,0.0,0.0,0.016932511181549408,0.011628447205472488,0.0,0.0,0.0,0.0,0.0,0.0,0.02421282219004999,0.0,0.0,0.0,0.0,0.0
TSD Consulting,On-site,data analyst,junior,0.0,0.0,0.0,0.0,0.0,0.0,0.0,0.0,0.0,0.0,0.0,0.045045979799602315,0.02734961336821593,0.0,0.0,0.0,0.0,0.0,0.0,0.0,0.0,0.0,0.0,0.0,0.0,0.0,0.0,0.0,0.038362094565208234,0.0,0.0,0.0,0.0,0.0,0.0,0.0,0.0,0.0,0.04099782536129271,0.0,0.0,0.0,0.0,0.0,0.0,0.0,0.0,0.0,0.02283112108073894,0.026895838941479323,0.0,0.0,0.0,0.0
TOUS Jewelry,Hybrid,data analyst,junior,0.0,0.0,0.0,0.0,0.0,0.0,0.0,0.0,0.0,0.0,0.0,0.0,0.021909202715225323,0.0,0.0,0.0,0.0,0.0,0.035368333428852206,0.0,0.0,0.021076415514231246,0.0,0.03313248313002613,0.0,0.0,0.0,0.0,0.0,0.02541816006010794,0.0,0.0,0.0,0.0,0.0,0.0,0.0,0.0,0.03284249962260294,0.0,0.0,0.0,0.0,0.030253100549772715,0.0,0.026599717763241985,0.0,0.04150306912925108,0.018289533136694337,0.0,0.0,0.0,0.0,0.0
Voodoo,Unknown,data scientist,junior,0.026622540068831187,0.0,0.0,0.0,0.0,0.021629338160619398,0.0,0.0,0.0,0.0,0.0,0.0,0.0,0.0,0.0,0.0,0.0,0.0,0.0,0.0,0.0,0.0,0.0,0.0,0.0,0.0,0.0,0.0,0.0,0.0,0.0,0.0,0.0,0.0227976460202993,0.0,0.0,0.0,0.0,0.0,0.0,0.0,0.010636967313469118,0.0,0.0,0.015689136368174043,0.0,0.0,0.0,0.01107417842002133,0.013045759695321086,0.0,0.0,0.0,0.0
Siemens Energy,On-site,data scientist,unknown,0.0,0.0,0.0,0.0,0.0,0.0,0.0,0.09487657932019228,0.0,0.0,0.0,0.0,0.0,0.015246768115074177,0.017000427370198284,0.0,0.0,0.0,0.0,0.06274937043591772,0.0,0.010621959871972524,0.0,0.0,0.0,0.0,0.0,0.012339773885812668,0.0,0.012810085092293696,0.0,0.0,0.0,0.018975315864038455,0.0,0.0,0.0,0.017157137061576157,0.0,0.0,0.0,0.01770707505755712,0.0,0.0,0.013058642894753005,0.0,0.0,0.0,0.009217444347873256,0.0,0.0,0.0,0.0,0.0
Zurich Insurance,Unknown,data scientist,senior,0.0,0.0,0.026020704709763746,0.0,0.0,0.0,0.0,0.04784482631751716,0.0,0.0,0.0,0.0,0.013920359488941922,0.019221787336664915,0.0,0.0,0.0,0.0,0.022471831688893162,0.0,0.0,0.0,0.0,0.0,0.0,0.0,0.0,0.015556904100949422,0.0,0.016149831200305692,0.0,0.0,0.0,0.0,0.0,0.0,0.0,0.0,0.020867003113005357,0.0,0.016252959416840827,0.011161763218993861,0.0,0.0,0.0,0.0,0.0,0.026369633330933426,0.011620545003710892,0.0,0.0,0.0,0.0,0.0
Adevinta Spain,Unknown,data analyst,junior,0.0,0.019822825472644207,0.0,0.0,0.0,0.0,0.0,0.0,0.02279892399913625,0.0,0.0,0.0,0.012035405045118533,0.0,0.0,0.0,0.014233912061000588,0.0,0.0,0.0,0.016881531020397723,0.0,0.0,0.0,0.0,0.0,0.0,0.0,0.016881531020397723,0.0139629842218066,0.0,0.0,0.0,0.0,0.0,0.0,0.0,0.0,0.0,0.0,0.0,0.009650350011794704,0.0,0.0,0.0,0.0,0.0,0.0,0.02009401640464668,0.011835718162844783,0.029449769092962676,0.0139629842218066,0.02279892399913625,0.026574772122918176
Amazon,Unknown,data analyst,senior,0.0,0.0,0.0,0.0,0.026880141876194842,0.0,0.026880141876194842,0.0,0.0,0.0,0.0,0.0746813345542309,0.0,0.0,0.0,0.0,0.03575028696455855,0.0,0.0,0.0,0.0,0.0,0.030331926017191695,0.0,0.0,0.0,0.0,0.016891129539686855,0.0,0.0,0.0,0.0,0.0,0.0,0.0,0.0,0.0,0.0,0.0,0.0,0.01764688148308232,0.01211904291496091,0.0,0.0,0.0,0.018350015010198277,0.0,0.0,0.012617171752537995,0.0,0.0,0.03506981711506364,0.0,0.016686483050838988
King,On-site,data scientist,unknown,0.021020247883724353,0.0,0.0,0.0,0.0,0.0,0.0,0.0180002422486027,0.0,0.0,0.0,0.017251571427056005,0.01047427119186135,0.0,0.0,0.019841634905876763,0.0,0.0,0.016908762986639035,0.0,0.014691797523938186,0.010076135344486979,0.0,0.03167971176993108,0.0,0.0,0.017430394513685575,0.011705677040062545,0.0,0.0,0.0,0.0,0.0,0.0,0.0,0.0,0.023855086521613382,0.0,0.0,0.0,0.0,0.01679717180119626,0.020703821370292485,0.0,0.024775211883458124,0.012716695404235425,0.0,0.019841634905876763,0.017487585699605946,0.0,0.0,0.012151820635750198,0.0,0.0
OnFrontiers,Remote,data analyst,junior,0.0,0.0,0.0,0.0,0.0,0.014613627639093985,0.0,0.0,0.0,0.0,0.0,0.0,0.0,0.0,0.013799890420995423,0.0,0.010600194752186402,0.0,0.0,0.0,0.0,0.01724449381153666,0.0,0.0,0.0,0.0,0.0,0.0,0.0,0.0,0.012879506285289749,0.0,0.0,0.0,0.0,0.013319664697660551,0.0,0.0,0.0,0.0,0.010464832390009567,0.007186751548934132,0.0,0.0,0.0,0.0,0.012473241041527862,0.0,0.007482148489117127,0.0,0.0,0.010398430975163079,0.0,0.009895303511454479
Unknown,Hybrid,data analyst,unknown,0.0,0.0,0.0,0.0,0.0,0.0,0.0,0.0,0.0,0.0,0.0,0.0,0.0,0.0,0.0,0.0,0.0,0.0,0.0,0.0,0.0,0.0,0.0,0.0,0.0,0.0,0.0,0.0,0.0,0.0,0.0,0.0,0.0,0.0,0.0,0.0,0.0,0.030121034480425784,0.0,0.0,0.0,0.0,0.0,0.0,0.0,0.02353477201412145,0.0,0.0,0.0,0.0,0.0,0.0,0.0,0.0
ZF Group,On-site,data scientist,unknown,0.0,0.0,0.0,0.032617093837736796,0.0,0.0,0.0,0.03932693873645805,0.0,0.0,0.042776397732504,0.0,0.02288419321153052,0.0,0.0,0.0,0.0,0.0,0.0,0.0,0.0,0.0,0.0,0.0,0.0,0.0,0.0,0.0,0.0,0.0,0.06576798559145411,0.0,0.0,0.03932693873645805,0.0,0.0340078065305681,0.0,0.0,0.0,0.0,0.0,0.01834923489495495,0.0,0.0,0.027064447979836478,0.0,0.0,0.04335001438300955,0.0,0.02250450734482061,0.05599597216976593,0.026549304119263848,0.0,0.025264717619948838
eDreams ODIGEO,Hybrid,data analyst,junior,0.0,0.0,0.0,0.0,0.02206919119039672,0.02023245530657249,0.02206919119039672,0.0,0.0,0.0,0.0,0.0,0.012409115572946718,0.0,0.0,0.0,0.014675888277790565,0.0,0.0,0.0,0.0,0.011937434665196258,0.0,0.0,0.018601606768562297,0.0,0.0,0.0,0.0,0.014396547877040986,0.0,0.0,0.0,0.0,0.0,0.018440973545337733,0.0,0.0,0.0,0.02417172063615738,0.01448848012626436,0.00995000236110199,0.0,0.017135001489635295,0.014675888277790565,0.0,0.0,0.0,0.010358977157610577,0.012203228227132677,0.030364211831772958,0.014396547877040986,0.0,0.013699971765045256
Touchpoint Resource Ltd,Hybrid,data analyst,junior,0.0,0.0,0.0,0.0,0.0,0.0,0.0,0.0,0.0,0.0,0.0,0.0,0.0,0.0,0.03247612959806178,0.0,0.0,0.0,0.0,0.0,0.0,0.0,0.0,0.0,0.0,0.0,0.0,0.0,0.029586256979984824,0.0,0.0,0.0,0.0,0.0,0.0,0.0,0.0,0.0,0.0,0.0,0.0,0.016913023768446743,0.0,0.02912609233134648,0.024946089282922582,0.0,0.0,0.0,0.01760819952851353,0.0,0.0,0.0,0.0,0.0
Softonic,Hybrid,data scientist,senior,0.0,0.0,0.0,0.05305369580453543,0.03309951100158834,0.0,0.0,0.0,0.0,0.0,0.0,0.0,0.018611269161756153,0.025699182422471937,0.0,0.0,0.0,0.0,0.0,0.0,0.0,0.017903839185703423,0.0,0.0,0.02789880619418295,0.0,0.0,0.04159859948680177,0.0,0.021592032563856063,0.02674391163268781,0.0,0.0,0.0,0.0,0.0,0.0,0.0,0.0,0.0,0.0,0.014923075783603511,0.0,0.0,0.0,0.0,0.0,0.0,0.01553645874175645,0.018302478032572178,0.0,0.0,0.0,0.0
PPG,On-site,data analyst,junior,0.0,0.0,0.0,0.0,0.0,0.0,0.0,0.0,0.018692844344674643,0.0,0.0,0.0,0.0,0.0,0.0,0.0,0.023340777185989245,0.0,0.0,0.0,0.0,0.0,0.0,0.0,0.0,0.016594709168594672,0.0,0.0,0.0,0.0,0.0,0.0,0.0,0.0,0.0,0.02932883151378489,0.0,0.0,0.01479215263390403,0.0,0.0,0.0,0.0,0.0,0.0,0.023960848881420155,0.0,0.0,0.0329501796598497,0.0,0.0,0.0,0.0,0.0
Cofidis Espa침a,Hybrid,data analyst,junior,0.0,0.0,0.0,0.0,0.0,0.0,0.0,0.0,0.0,0.03729816117565086,0.0,0.0,0.0,0.0,0.0,0.0,0.0,0.0,0.0,0.0,0.0339792024197846,0.023304094813559155,0.0,0.0,0.03631379940306401,0.0,0.0,0.0,0.0,0.028104741606892903,0.0,0.0,0.0,0.0,0.0,0.0,0.0,0.0,0.0,0.0,0.0,0.0,0.0,0.0,0.0,0.0,0.0,0.0,0.0,0.02382297332824195,0.0,0.0,0.0,0.026744895357335062
Vertex Professional Services (VPS),On-site,data analyst,senior,0.0,0.0,0.0,0.0,0.0,0.028394450581677368,0.0,0.0,0.0,0.0,0.0,0.0,0.0,0.0,0.0,0.0,0.020596303223295562,0.0,0.0,0.0,0.0,0.0,0.0,0.02633620058263785,0.0,0.0,0.0,0.0,0.0,0.0,0.025025032371547132,0.0,0.0,0.0,0.0,0.05176053069950577,0.0,0.054121029300196445,0.0,0.0,0.0,0.0,0.0,0.0,0.0,0.06343039545557991,0.0,0.0,0.0,0.0,0.0,0.0,0.0,0.019226691242292555
FREE NOW,Unknown,data analyst,senior,0.0,0.0,0.0,0.0,0.020414514170823253,0.0,0.0,0.0,0.0,0.0,0.0,0.0,0.011478719973278297,0.0,0.03534669544665686,0.0,0.013575537346685547,0.0,0.0,0.0,0.016100693460412575,0.011042404183890936,0.0,0.0,0.0,0.019303735456664396,0.0,0.0,0.0,0.013317140991314482,0.016494623228196666,0.0,0.0,0.0,0.0,0.0,0.0,0.0,0.0,0.0,0.013402180455984255,0.00920398316585475,0.0,0.0,0.013575537346685547,0.013936185425876239,0.015974324392346296,0.0,0.00958229434666808,0.011288269398880136,0.0,0.013317140991314482,0.0,0.012672791917226908
Glovo,On-site,data analyst,junior,0.0,0.0,0.0,0.0,0.026392967160788258,0.0,0.0,0.0,0.0,0.0,0.0,0.0,0.0,0.0,0.0,0.0,0.0,0.0,0.0,0.0,0.0,0.0,0.0,0.0,0.0,0.0,0.024695966791716737,0.0,0.0,0.0,0.0,0.0,0.0,0.0,0.0,0.0,0.0,0.0,0.02224601673640835,0.0,0.0,0.011899397821185384,0.0,0.0,0.0,0.0,0.0,0.0,0.01238849858979616,0.0,0.0,0.017217106511488254,0.0,0.016384057837874295
SETESCA,Hybrid,data analyst,senior,0.0,0.03348954660413547,0.0,0.0,0.0,0.0,0.0,0.0,0.03851749735913747,0.031306158697060264,0.0,0.0,0.020333138619132444,0.0,0.0,0.0,0.0,0.040805475264035,0.0,0.0,0.0,0.019560258938472748,0.040805475264035,0.0,0.0,0.03419418975470663,0.0,0.0,0.0,0.0471793500350709,0.0,0.0,0.0,0.0,0.0,0.030216728111273947,0.0,0.0,0.0,0.0,0.0,0.016303722540069746,0.04019121351326248,0.0,0.024047392334855627,0.07405870796027776,0.0,0.0,0.01697385420096505,0.01999577888404473,0.0,0.0,0.0,0.04489657999223824
Zurich Insurance,Unknown,data scientist,junior,0.0,0.0,0.0,0.0,0.0,0.0,0.0,0.0,0.0,0.019383470460562918,0.0,0.0,0.0,0.0,0.0,0.0,0.0,0.0,0.020323298605244827,0.023848431214454915,0.0,0.0,0.0,0.0,0.0,0.042343238175399533,0.0,0.014069507630435869,0.0,0.014605744936686035,0.10854413564663962,0.0,0.028078860407400028,0.0,0.0,0.018708940385418125,0.0,0.0,0.0,0.0,0.0,0.010094586413833363,0.0,0.0,0.014889144448757021,0.0,0.0,0.023848431214454915,0.010509504046473864,0.012380554033645281,0.0,0.0,0.0,0.0
Accenture Espa침a,Unknown,data analyst,junior,0.0,0.029860013461351947,0.0,0.0,0.0,0.0,0.0,0.062311712080665264,0.0686860890197545,0.0,0.20333166005251152,0.0,0.0,0.0,0.0,0.0,0.0,0.0,0.0,0.0,0.0,0.0,0.0,0.0,0.0,0.0,0.0,0.0,0.0,0.021033071062405623,0.0,0.0,0.0,0.0,0.0,0.0,0.0,0.0,0.0,0.0,0.0,0.0,0.0,0.0,0.0,0.0,0.0,0.0,0.015134260278974764,0.0,0.0,0.0,0.0,0.0
Applus+ Laboratories,On-site,data analyst,unknown,0.0,0.0,0.0,0.0,0.0,0.0,0.0,0.0,0.08912576873869078,0.0,0.0,0.0,0.023524459460638254,0.0,0.0,0.0,0.0,0.0,0.0,0.0,0.0,0.0,0.0,0.0,0.0,0.0,0.0,0.0,0.0,0.0,0.0,0.0,0.0,0.04042724895150179,0.0,0.10487788562331476,0.0,0.0,0.03526381406937492,0.0,0.0,0.0,0.0,0.0,0.0,0.02856078289653864,0.0,0.0,0.05891378884305619,0.0,0.0,0.0,0.0,0.0
eDreams ODIGEO,Unknown,data analyst,unknown,0.0,0.0,0.0,0.0,0.020162857021234836,0.01848477816950807,0.0,0.0,0.0,0.0,0.0,0.0,0.011337217612495818,0.0,0.0,0.0,0.0,0.0,0.0,0.0,0.0,0.0,0.0,0.017144858084060577,0.016994802138601325,0.0,0.0,0.0,0.0,0.0,0.0,0.0,0.0,0.0,0.0,0.0,0.0,0.0,0.0,0.0,0.0,0.0,0.0,0.0,0.0,0.041293166980915876,0.0,0.0,0.0,0.0,0.0,0.0,0.0,0.0
OnFrontiers,Remote,data analyst,junior,0.0,0.0,0.0,0.0,0.0,0.014697405661698307,0.0,0.0,0.0,0.0,0.0,0.0,0.0,0.0,0.013879003394185905,0.0,0.010660964287136311,0.0,0.0,0.0,0.0,0.017343354247016635,0.0,0.0,0.0,0.0,0.0,0.0,0.0,0.0,0.012953342816187454,0.0,0.0,0.0,0.0,0.01339602459936883,0.0,0.0,0.0,0.0,0.010524825910179418,0.00722795225888705,0.0,0.0,0.0,0.0,0.0125447485067332,0.0,0.007525042671227888,0.0,0.0,0.010458043824675967,0.0,0.009952031996792473
Product Madness 游님游꿡,Hybrid,data analyst,junior,0.0,0.0,0.0,0.0,0.0,0.0,0.0,0.0,0.0,0.0,0.0,0.0,0.0,0.019365999778877912,0.0,0.0,0.033173413998760996,0.028145607338637895,0.0,0.0,0.0,0.0,0.0,0.0,0.0,0.0,0.023338879848300825,0.0,0.019671964217306426,0.03254199226910194,0.020153270958226263,0.0,0.0,0.0,0.0,0.0,0.0,0.0,0.0,0.0,0.0,0.011245504918192869,0.0,0.05809799933663373,0.0,0.01702734989009347,0.0,0.0,0.0,0.0,0.0,0.01627099613455097,0.0,0.03096744991040524
eDreams ODIGEO,Unknown,data scientist,unknown,0.0,0.0,0.0,0.015814485434757063,0.0,0.0,0.0,0.0,0.0,0.0,0.04148050235606147,0.0,0.011095462459969646,0.015321056900643042,0.0,0.0,0.0,0.02226688301467145,0.0,0.0,0.0,0.01067371461063546,0.0,0.0,0.0,0.0,0.0,0.07439939130130276,0.0,0.012872501314365011,0.0,0.0,0.0,0.019067771731451518,0.0,0.0,0.0,0.0,0.0,0.0,0.012954701436857407,0.008896675756240095,0.0,0.030642113801286085,0.01312227019691349,0.0,0.015440965284566975,0.0,0.018524711370490953,0.010911370749079084,0.0,0.0,0.0,0.0
Homelike,Unknown,data analyst,junior,0.0,0.0,0.0,0.0,0.0,0.0,0.0,0.0,0.0,0.018126910105890445,0.0,0.0,0.02354661135441274,0.0,0.0,0.022302423586657426,0.01392393501077919,0.0,0.0,0.0,0.0,0.0,0.023627209875760207,0.0,0.03529702036959428,0.0,0.0,0.0,0.0,0.0,0.0,0.0,0.0,0.0,0.0,0.0,0.0,0.0,0.0,0.0,0.01374612915174372,0.018880381699654242,0.0,0.0,0.0,0.014293838631400114,0.0,0.0,0.0,0.0,0.028808430821796197,0.0,0.04460484717331485,0.012998021850212552
CaixaBank Tech,Hybrid,data scientist,unknown,0.0,0.0,0.0,0.0,0.0,0.0,0.0,0.0,0.0,0.0,0.0,0.0,0.0,0.0,0.0,0.0,0.0,0.0,0.0,0.0,0.0,0.0,0.0,0.0,0.0,0.0,0.0,0.041420157901199656,0.0,0.0,0.0,0.0,0.0,0.0,0.0,0.0,0.0,0.0,0.0,0.0,0.02163670036913875,0.0,0.0,0.0,0.02191657058229907,0.0,0.0,0.0,0.0,0.0,0.0,0.0,0.0,0.0
Novartis Espa침a,Unknown,data scientist,unknown,0.0,0.0,0.0,0.031034309406638604,0.0,0.0,0.0,0.0,0.0,0.0,0.020350310317899203,0.017931114314757315,0.0,0.015033003199910178,0.0,0.0,0.0,0.02184823969928159,0.0,0.020623200917858058,0.0,0.0,0.0,0.0,0.0,0.0,0.0,0.02433353205236799,0.0,0.01263048330833986,0.03128825676576832,0.0,0.0,0.0,0.0,0.0,0.0,0.0,0.0,0.0,0.0,0.008729407897865535,0.021519349081487293,0.030066006399820357,0.01287555624520962,0.0,0.03030131433332837,0.0,0.0,0.01070622428009047,0.0,0.01263048330833986,0.0,0.02403871625073176
Touchpoint Resource Ltd,Hybrid,data scientist,senior,0.0,0.030090237091671728,0.0,0.0,0.03249124484479318,0.0,0.0,0.0,0.0,0.0,0.0,0.0,0.018269251868341805,0.0,0.0,0.034607832748955944,0.02160649546395776,0.0,0.0,0.0,0.0,0.0,0.0,0.0,0.0,0.0,0.030402140798351424,0.020417073247113924,0.025625472593459674,0.0,0.0,0.0,0.0,0.0,0.0,0.0,0.041608105807215925,0.0,0.0,0.0,0.021330584847904118,0.01464883602356537,0.0,0.0504538226174684,0.02160649546395776,0.0,0.0,0.034607832748955944,0.015250946909010606,0.03593227072111216,0.0,0.021195238101714843,0.0,0.020169707767928268
Criteo,Unknown,data analyst,unknown,0.0,0.0,0.0,0.0,0.0,0.02344555989579849,0.025573986748814906,0.0,0.0,0.0,0.0,0.0,0.0,0.0,0.0,0.0,0.0,0.0,0.0,0.0,0.0,0.0,0.0,0.02174604387613837,0.0,0.0,0.0,0.0,0.0,0.0,0.0,0.0,0.0,0.0,0.0,0.0,0.0,0.0,0.0,0.02801041768645044,0.01678938732112602,0.0,0.0,0.0,0.0,0.017458354307533036,0.0,0.0,0.012004080361372177,0.014141215882404296,0.0,0.0,0.0,0.0
Roche,Unknown,data scientist,unknown,0.0,0.0,0.0,0.02801551540410419,0.0,0.0,0.0,0.0,0.0,0.0,0.0,0.0,0.0196557201146592,0.0,0.0,0.03723424906452704,0.0,0.0,0.0,0.0,0.0,0.03781717936089942,0.0,0.0,0.0,0.0,0.0,0.021966541388659073,0.0,0.022803761801149253,0.0,0.04218255631992812,0.0,0.0,0.0349570315986937,0.0,0.0,0.0,0.029464467002219014,0.0,0.0,0.015760547993959657,0.0,0.027141401936718504,0.0,0.0,0.0,0.0,0.0,0.019329599850835287,0.0,0.0,0.0,0.0
Hays,Hybrid,data analyst,junior,0.0,0.0,0.0,0.0,0.0,0.0,0.0,0.0,0.0,0.0,0.0,0.0,0.0,0.0,0.0,0.0,0.0,0.0,0.0,0.0,0.0,0.02406382787480311,0.0,0.0,0.0,0.0,0.0,0.0,0.03508695295373758,0.029020979785088594,0.0,0.0,0.0,0.0,0.0,0.0,0.0,0.0,0.03749765975922067,0.0,0.0,0.020057504052316953,0.0,0.0,0.0,0.030370013788198227,0.0,0.0,0.020881927337916856,0.0,0.0,0.0,0.0,0.0
Hosco,Hybrid,data analyst,unknown,0.0,0.0,0.0,0.0,0.0,0.0,0.0,0.0,0.0,0.0,0.0,0.0,0.0,0.022342624181526122,0.0,0.0,0.0,0.0,0.0,0.0,0.02269561646381335,0.0,0.03247168926511401,0.0,0.0,0.0,0.0,0.0,0.0,0.018771907252102652,0.023250901796416514,0.0,0.0,0.0,0.0,0.0,0.0,0.0,0.0,0.0,0.0,0.012973979809331843,0.0,0.022342624181526122,0.0,0.0,0.0,0.0,0.01350724910514338,0.0,0.0,0.018771907252102652,0.0,0.01786362963721226
Festo Espa침a,On-site,data analyst,unknown,0.0,0.026758489760018107,0.0,0.0,0.0,0.0,0.08668093639351288,0.0,0.0,0.0,0.0,0.0,0.016246385415737395,0.0,0.0,0.0,0.019214112067671672,0.0,0.026226767987231718,0.0,0.0,0.01562884665759533,0.0,0.0,0.0,0.0,0.0,0.0,0.022788087175873425,0.018848391256540042,0.0,0.0,0.0,0.0,0.0,0.02414347435945671,0.0,0.0,0.0,0.0,0.01896875170803545,0.01302684081679268,0.0,0.0,0.0,0.01972455466994939,0.0,0.0,0.013562282857794114,0.03195366308400398,0.0,0.018848391256540042,0.0,0.017936412967648085
NEW WORK SE,Hybrid,data scientist,junior,0.0,0.023359466867439872,0.0,0.04042944067015523,0.0,0.0,0.0,0.0,0.0,0.0,0.0,0.0,0.0,0.019583999856462465,0.0,0.0,0.0,0.0,0.0,0.0,0.0,0.013643577382304008,0.0,0.0,0.0,0.0,0.0,0.06340022441073477,0.0,0.0,0.0,0.0,0.0,0.0,0.0,0.0,0.0,0.0,0.0,0.0,0.03311845556415645,0.03411628150651011,0.0,0.0,0.0,0.0,0.0,0.0,0.023679041672737135,0.0,0.0,0.0,0.0,0.0
FREE NOW,Unknown,data analyst,senior,0.0,0.0,0.0,0.0,0.020188637615447175,0.0,0.0,0.0,0.0,0.0,0.0,0.0,0.0113517135842947,0.0,0.03495560165208451,0.0,0.013425330705097611,0.0,0.0,0.0,0.015922547208800972,0.010920225414449904,0.0,0.0,0.0,0.019090149121258275,0.0,0.0,0.0,0.013169793378267935,0.01631211833751765,0.0,0.0,0.0,0.0,0.0,0.0,0.0,0.0,0.0,0.013253891923100483,0.009102145620476669,0.0,0.0,0.013425330705097611,0.013781988390730616,0.015797576352299364,0.0,0.009476270974203086,0.011163370251800728,0.0,0.013169793378267935,0.0,0.012532573709665928
Siemens Energy,On-site,data scientist,unknown,0.0,0.0,0.0,0.0,0.0,0.0,0.0,0.020284367336167376,0.0,0.0,0.0,0.0,0.0,0.016298597997077436,0.01817323706861047,0.0,0.0,0.0,0.0,0.04471884382691215,0.0,0.011354737777064042,0.0,0.0,0.0,0.0,0.0,0.013191058749089945,0.0,0.01369381534839679,0.0,0.0,0.0,0.04056873467233475,0.0,0.0,0.0,0.018340757702671188,0.0,0.0,0.0,0.009464317155249011,0.0,0.0,0.0,0.0,0.0,0.0,0.0,0.0,0.0,0.0,0.0,0.0
Michael Page,On-site,data analyst,unknown,0.0,0.0,0.0,0.0,0.0,0.0,0.0,0.0,0.0,0.0,0.0,0.0,0.023659107780247237,0.0,0.0,0.0,0.0,0.0,0.038193229734436264,0.0,0.0,0.04551961043529408,0.0,0.0,0.0,0.0,0.0,0.0,0.0,0.0,0.0,0.0,0.0,0.0,0.0,0.07031878752632628,0.0,0.0,0.03546565561712184,0.0,0.0,0.0,0.0,0.0,0.0,0.02872425791411218,0.0,0.0,0.03950066475314955,0.0,0.0,0.0,0.0,0.0
CloudBlue,Unknown,data scientist,senior,0.0,0.0,0.0,0.0,0.0,0.018287201255873423,0.0,0.0,0.0,0.01726890678140948,0.0,0.0,0.022432076626523162,0.030975105691582544,0.0,0.0,0.0,0.0225088601678845,0.0,0.0,0.0,0.010789707274448727,0.0225088601678845,0.0,0.0,0.0,0.0,0.025069299764936975,0.015732241499266462,0.02602477696631728,0.0,0.0,0.0,0.0,0.0,0.016667961919000444,0.0,0.0,0.0,0.0,0.0,0.008993357104551668,0.0,0.015487552845791272,0.01326487163708136,0.0,0.0,0.0,0.00936301092555395,0.011029946053479553,0.0,0.0,0.021246780155451984,0.01238278484103609
Accenture Espa침a,Unknown,data scientist,senior,0.0,0.014187772206122863,0.0,0.01227775654950097,0.0,0.0,0.015319865348581034,0.014803482555663352,0.03263570480311604,0.013262784757670482,0.0,0.0,0.02584226735349239,0.0,0.0,0.0,0.0,0.0,0.0,0.0,0.0,0.008286660353818009,0.0,0.0,0.038738272078448356,0.014486292715375557,0.0,0.009626802988067921,0.0,0.009993713546540866,0.037134668704392616,0.0,0.0,0.029606965111326704,0.0,0.0,0.0,0.013385040913996829,0.0,0.0,0.0,0.006907035925107941,0.0,0.011894677666446427,0.01018762447372357,0.0,0.0,0.0,0.0,0.00847116741364889,0.0,0.0,0.0,0.0
Scopely,Unknown,data analyst,junior,0.0,0.0,0.0,0.0,0.0,0.0,0.0,0.0,0.0,0.0,0.0,0.0,0.0,0.0,0.0,0.022378186229944735,0.013971235436101952,0.0,0.0,0.0,0.016569994489010163,0.011364266820083098,0.0,0.017864820440993884,0.01770846321082087,0.0,0.01965869326489488,0.0,0.0,0.0,0.0,0.0,0.0,0.0,0.0,0.0,0.0,0.018356149504100885,0.0,0.0,0.0,0.00947225973279585,0.0,0.016312275991630352,0.041913706308305855,0.0,0.016439942030922684,0.0,0.01972319576256247,0.0,0.028906294753917212,0.013705307375611497,0.0,0.013042176894127483
Leonid Group Ltd,Hybrid,data scientist,senior,0.0,0.0,0.0,0.0,0.0,0.0,0.0,0.0,0.0,0.0,0.0,0.0,0.0,0.0,0.0,0.0,0.0,0.0,0.0,0.0,0.0,0.0,0.0,0.0,0.0,0.0,0.0,0.0,0.0,0.0,0.0,0.0,0.0,0.0,0.0,0.0,0.0,0.0,0.0,0.03638968376928137,0.0,0.014979382100026804,0.0,0.0,0.0,0.0,0.05199607703552591,0.0,0.015595079415851795,0.0,0.0,0.0,0.03538874689883095,0.0
GfK,Hybrid,data scientist,junior,0.0,0.0,0.0,0.02410448502380336,0.0,0.0,0.0,0.029063153526824488,0.0,0.0,0.0,0.0,0.0,0.0,0.0,0.0,0.0,0.0,0.0,0.0,0.0,0.0,0.0,0.0,0.0,0.0,0.0,0.03779992338460568,0.0237213455866896,0.0,0.07290518117377992,0.0,0.0,0.058126307053648976,0.030076949593577408,0.0,0.0,0.0,0.0,0.0,0.019745593877261058,0.013560339248003999,0.0,0.0,0.020001002672184725,0.0,0.0,0.0,0.014117709666951882,0.0166311432575791,0.0,0.0,0.0,0.0
HP,Hybrid,data analyst,senior,0.0,0.0,0.0,0.0,0.0,0.0,0.014940477871300106,0.0,0.0,0.01293433967434613,0.0,0.0,0.008400766254664143,0.0,0.0,0.0,0.019870667861304706,0.0,0.0,0.0,0.0,0.0,0.0,0.01270417047255341,0.012592980499315497,0.0,0.0,0.0,0.0,0.0,0.012071683473541461,0.0,0.0,0.0,0.0,0.012484234460719097,0.0,0.0,0.0,0.0,0.0,0.0,0.0,0.0,0.0,0.030597828812877755,0.0,0.0,0.0,0.00826138392263496,0.0,0.0,0.0,0.0
Caixabank Business Intelligence,Hybrid,data analyst,unknown,0.0,0.0,0.0,0.02751329361618976,0.0,0.0,0.06866074462327292,0.0,0.0,0.0,0.0,0.0,0.0,0.0,0.0,0.0,0.0,0.0,0.0,0.0,0.02707597135774521,0.018569623733213754,0.0,0.0,0.0,0.0,0.0,0.021572756889913336,0.0,0.02239496882133957,0.027738429228625756,0.0,0.0,0.0,0.0,0.0286863928151552,0.0,0.0,0.0,0.0,0.0,0.015478015601538348,0.03815571739976227,0.0,0.02282950490726499,0.04687198826001152,0.0,0.03656676710436655,0.016114208242631833,0.0379661732799375,0.0,0.0,0.0,0.02131138958810462
Glovo,On-site,data analyst,senior,0.0,0.023021153787647484,0.0,0.0,0.0,0.0,0.0,0.0,0.0,0.0,0.0,0.023021153787647484,0.0,0.0,0.0,0.0,0.016530493042394467,0.0,0.0,0.0,0.0,0.013445978665270494,0.0,0.0,0.020952307992860356,0.0,0.023259782123360995,0.0,0.0,0.0,0.0,0.0,0.0,0.0,0.0,0.0,0.0,0.0,0.0,0.0,0.016319401959779715,0.022414785625060232,0.0,0.0,0.03306098608478893,0.0,0.0,0.0,0.011668050109739909,0.0,0.0,0.01621585215227277,0.026477433113726082,0.03086249822244839
INGEFOR,On-site,data analyst,senior,0.0,0.0,0.0,0.0,0.0,0.0,0.0,0.0,0.0,0.0,0.0,0.0,0.024274899524207957,0.0,0.0,0.0,0.028709194565690502,0.0,0.0,0.0,0.0,0.0,0.0,0.0,0.03638874443881491,0.0,0.0,0.0,0.0,0.0,0.0,0.0,0.0,0.0,0.0,0.03607451129857992,0.0,0.0,0.0,0.0,0.0,0.0,0.0,0.0,0.0,0.02947188377723439,0.0,0.0,0.0,0.0,0.0,0.0,0.0,0.0
CaixaBank Tech,Hybrid,data scientist,junior,0.0,0.04513117263355669,0.025610047205702317,0.0,0.0,0.0,0.0,0.0,0.0,0.0,0.0,0.0,0.013700669048305173,0.0,0.0,0.0,0.0,0.0,0.0,0.02595346905223759,0.0,0.02635979021586019,0.027495131097237373,0.0,0.0,0.0,0.0,0.07655692896172835,0.0,0.01589495534487806,0.01968750648609717,0.029402598346921435,0.03055730702168169,0.0,0.0,0.0,0.0,0.0,0.0,0.0,0.015996455996884366,0.021971217622714416,0.0,0.0,0.0,0.0,0.0,0.0,0.0,0.026946705472770206,0.0,0.0,0.02595346905223759,0.030251757753504204
Gauss & Neumann,Hybrid,data scientist,unknown,0.0,0.0,0.0,0.023938423905807246,0.0,0.0,0.0,0.0,0.0,0.05171794414078025,0.0,0.0,0.0,0.0463830399396388,0.0,0.0,0.0,0.0,0.0,0.0,0.0,0.08078413491640901,0.0,0.0,0.0,0.0,0.0,0.0,0.0,0.058455406809648926,0.0,0.0,0.0,0.0,0.0896092285465115,0.0,0.0,0.0,0.0,0.0,0.039219124245053465,0.013466919077703475,0.0,0.0,0.019863211349884894,0.0,0.023373025573405006,0.0,0.014020449648804906,0.016516567640627325,0.0,0.0,0.0,0.018542348477016184
Autodesk,Unknown,data analyst,unknown,0.0,0.0,0.0,0.0,0.0,0.019635349191587388,0.0,0.0,0.0,0.0,0.0,0.0,0.012042894139221057,0.0,0.0,0.0,0.028485538375318326,0.0,0.0,0.0,0.0,0.011585133615826915,0.0,0.018212026794893282,0.0,0.0,0.0,0.0,0.016892035641881794,0.0,0.0,0.0,0.0,0.0,0.0,0.017896738161972143,0.0,0.018712904936488348,0.0,0.0,0.0,0.0,0.0,0.0,0.0,0.02924228593067602,0.05027836676487736,0.0,0.0,0.0,0.0,0.0,0.0,0.0
Autodesk,Remote,data analyst,unknown,0.0,0.0,0.0,0.0,0.0,0.019635349191587388,0.0,0.0,0.0,0.0,0.0,0.0,0.012042894139221057,0.0,0.0,0.0,0.028485538375318326,0.0,0.0,0.0,0.0,0.011585133615826915,0.0,0.018212026794893282,0.0,0.0,0.0,0.0,0.016892035641881794,0.0,0.0,0.0,0.0,0.0,0.0,0.017896738161972143,0.0,0.018712904936488348,0.0,0.0,0.0,0.0,0.0,0.0,0.0,0.02924228593067602,0.05027836676487736,0.0,0.0,0.0,0.0,0.0,0.0,0.0
BLING,Hybrid,data analyst,senior,0.06177484184563591,0.02534967956586851,0.0,0.0,0.0,0.0,0.0,0.0,0.0,0.0,0.0,0.02534967956586851,0.0,0.0,0.0,0.0,0.01820250651013701,0.0,0.0,0.0,0.0,0.0,0.0,0.0,0.02307157576391274,0.0,0.0,0.0,0.0,0.0,0.0,0.0,0.0,0.0,0.0,0.0,0.0,0.0,0.0,0.0,0.017970064150694215,0.012340989473729096,0.0,0.0,0.01820250651013701,0.018686074772791435,0.0,0.0,0.01284824097735326,0.0,0.0,0.01785604056770521,0.0,0.016992077107817312
Grifols,On-site,data analyst,senior,0.0,0.0,0.0,0.0,0.0,0.0,0.0,0.0,0.0,0.02089851710473134,0.0,0.022356044039409512,0.0,0.018742754949991218,0.0,0.0,0.0,0.0,0.0,0.0,0.019038872710930778,0.0,0.0,0.020526623747841383,0.0,0.0,0.0,0.0,0.0,0.01574735602727623,0.0,0.0,0.0,0.0,0.0,0.0,0.0,0.0,0.0,0.0,0.0,0.0,0.053659522472534936,0.0,0.0,0.032958736970126426,0.0,0.0,0.01133094563867377,0.013348240232036988,0.0,0.01574735602727623,0.0,0.0
Randstad Espa침a,Hybrid,data scientist,senior,0.0,0.0,0.0,0.05481903092087103,0.034200880627559715,0.0,0.0,0.0,0.0,0.0,0.0,0.0,0.01923054980776184,0.02655430982695383,0.0,0.0,0.0,0.0,0.0,0.0,0.0,0.018499580454100516,0.0,0.0,0.028827124976344435,0.0,0.0,0.04298277201900364,0.0,0.02231049661692545,0.027633801877606883,0.0,0.0,0.0,0.0,0.0,0.0,0.0,0.0,0.0,0.0,0.015419633644936906,0.0,0.0,0.0,0.0,0.0,0.0,0.016053426613351497,0.01891148380864289,0.0,0.0,0.0,0.0
Accenture Espa침a,Unknown,data scientist,junior,0.0,0.0,0.0,0.032693773483343104,0.0,0.018699636169953977,0.020397220187680913,0.0,0.0,0.0,0.0,0.0,0.0,0.015836846728321297,0.01765837589617455,0.0,0.013564036944958753,0.02301650700128997,0.0,0.0,0.016087053894025916,0.0,0.0,0.03468828302048908,0.0,0.0,0.0,0.025634692705603094,0.016087053894025916,0.0266117189757525,0.0,0.0,0.0,0.019709696290530786,0.020397220187680913,0.017043877803873914,0.0,0.0,0.0,0.0,0.013390826912082257,0.009196186089305157,0.0,0.0,0.013564036944958753,0.0,0.0,0.0,0.0,0.022557413273728014,0.0,0.01330585948787625,0.0,0.037986168805982816
Scopely,Hybrid,data analyst,junior,0.0,0.0,0.0,0.0,0.0,0.0,0.0,0.0,0.0,0.0,0.0,0.0,0.0,0.0,0.0,0.024755900027942188,0.015455698874297794,0.0,0.0,0.0,0.018330579735929817,0.012571736171914611,0.0,0.0,0.0,0.021977231158378626,0.02174745710599621,0.0,0.018330579735929817,0.0,0.0,0.0,0.0,0.0,0.0,0.01942084381338319,0.0,0.020306516236486088,0.0,0.0,0.0,0.010478700667439016,0.0,0.018045478285306046,0.04636709662289338,0.0,0.0,0.0,0.02181881308486793,0.0,0.0,0.015161515582922865,0.0,0.014427926554017015
Leadtech Group,On-site,data analyst,junior,0.023928354019939268,0.0,0.0,0.0,0.04241059737223609,0.0,0.0,0.0,0.0,0.0,0.0,0.0,0.011923364109029848,0.0,0.0367158987101862,0.0,0.02820280922212203,0.0,0.0,0.0,0.016724376148497283,0.02294029404499946,0.0,0.018031265917360775,0.05362035574834147,0.0,0.0,0.0,0.0,0.013832998914545399,0.0,0.0,0.0,0.0,0.0,0.0,0.0,0.018527172664314747,0.0,0.0,0.0,0.0,0.0,0.0,0.0,0.0,0.016593111999342963,0.022586682468659962,0.0,0.011725536167533804,0.0,0.0,0.0,0.02632738017110324
Brainly,Remote,data analyst,senior,0.023055357698268657,0.0,0.0,0.0,0.0,0.0,0.0,0.01974296525867102,0.0,0.0,0.0,0.0,0.02297670991254243,0.0,0.0,0.0,0.0,0.0,0.018545812639728834,0.0,0.0,0.0,0.0,0.017373417541839267,0.051664083566144346,0.019319938584126145,0.0,0.0,0.0,0.0,0.0,0.0,0.0,0.0,0.0,0.0,0.0,0.03570246349225869,0.0,0.0,0.0,0.009211708785216191,0.0,0.0,0.0,0.0,0.0,0.0,0.0,0.0,0.0,0.026656638208282048,0.0,0.025366858355459553
MENU Technologies,Remote,data scientist,senior,0.0,0.024458613190310757,0.0,0.0,0.0,0.024212227314621502,0.0,0.0,0.0,0.0,0.0,0.024458613190310757,0.014850018076055948,0.0,0.0,0.0,0.0,0.0,0.0,0.02813070538403842,0.0,0.0,0.0,0.0,0.022260586996147955,0.0,0.0,0.06638343134459598,0.0,0.0,0.0,0.0,0.0,0.025520049831518093,0.0,0.02206835683643372,0.0,0.0,0.0,0.0,0.0,0.011907191455392077,0.0,0.0,0.0,0.018029240713886358,0.0,0.0,0.012396612565631735,0.0,0.0,0.017228383034238785,0.0,0.0
Leadtech Group,Remote,data analyst,junior,0.023928354019939268,0.0,0.0,0.0,0.04241059737223609,0.0,0.0,0.0,0.0,0.0,0.0,0.0,0.011923364109029848,0.0,0.0367158987101862,0.0,0.02820280922212203,0.0,0.0,0.0,0.016724376148497283,0.02294029404499946,0.0,0.018031265917360775,0.05362035574834147,0.0,0.0,0.0,0.0,0.013832998914545399,0.0,0.0,0.0,0.0,0.0,0.0,0.0,0.018527172664314747,0.0,0.0,0.0,0.0,0.0,0.0,0.0,0.0,0.016593111999342963,0.022586682468659962,0.0,0.011725536167533804,0.0,0.0,0.0,0.02632738017110324
Ankorstore,Unknown,data analyst,junior,0.0,0.0,0.0,0.0,0.0,0.02572473510796115,0.0,0.0,0.0,0.0,0.0,0.0,0.0,0.0,0.07287687924577642,0.02988799563960303,0.018659788577294084,0.0,0.0,0.0,0.0,0.0,0.0,0.0,0.0,0.0,0.0,0.0,0.0,0.0,0.0,0.0,0.0,0.0,0.0,0.0,0.0,0.0,0.0,0.0,0.0,0.012651018928967458,0.0,0.02178644992494788,0.0,0.0,0.0,0.0,0.013171013568599656,0.0,0.0,0.0,0.0,0.03483790170813824
Meta,Remote,data analyst,junior,0.0,0.0,0.0,0.0,0.0,0.0,0.0,0.0,0.0,0.0,0.0,0.0,0.0,0.020249638448241507,0.045157439939254904,0.0,0.017343531117391807,0.0,0.0,0.0,0.02056956353999712,0.05642923022001421,0.0,0.0,0.0,0.0,0.0,0.0,0.02056956353999712,0.0,0.0,0.0,0.0,0.0,0.0,0.0,0.0,0.022786850280771886,0.0,0.028565425211673157,0.017122057701532786,0.0,0.0,0.020249638448241507,0.0,0.0,0.0,0.0,0.012241933113463147,0.014421414532720387,0.0,0.017013414885853253,0.0,0.016190221819419762
Wallbox Chargers,On-site,data analyst,junior,0.0,0.0,0.0,0.0,0.025318524193266096,0.0,0.0,0.0,0.0,0.0,0.0,0.0,0.014236158005980768,0.0,0.0,0.0,0.016836676487745415,0.0,0.0,0.0,0.019968429985389065,0.013695029680463414,0.0,0.0,0.0,0.0,0.0,0.0,0.0,0.016516207711453675,0.0,0.0,0.0,0.0,0.0,0.0,0.0,0.0,0.021340393806928665,0.0,0.01662167550390799,0.011414979974990507,0.0,0.0,0.016836676487745415,0.01728396007440528,0.019811704320484954,0.0,0.02376833944839639,0.013999957064083612,0.0,0.016516207711453675,0.0,0.015717071984554475
Wetaca,Remote,data analyst,senior,0.0,0.018567043497772204,0.0,0.0,0.0,0.0,0.0,0.0,0.0,0.0,0.0,0.0,0.0,0.0,0.017356544630099592,0.0,0.0,0.0,0.03639619024781474,0.0,0.0,0.010844463880961113,0.0,0.017047681392858862,0.01689847596130899,0.018957706894375082,0.0,0.0,0.0,0.013078424958276547,0.0,0.0,0.0,0.019372802194476766,0.0,0.016752550037004675,0.0,0.0,0.03379695192261798,0.0,0.0,0.0,0.0,0.0,0.0,0.027372745458777215,0.0,0.0,0.009410527201202674,0.02217184369202824,0.0,0.013078424958276547,0.0,0.0
Unknown,Remote,data analyst,senior,0.0,0.0,0.0,0.0,0.0,0.0,0.0,0.0,0.0,0.0,0.0,0.0,0.0,0.0,0.0,0.0,0.0,0.0,0.04175115546570967,0.0,0.0,0.0,0.0,0.0,0.0,0.0,0.0,0.0,0.0,0.0,0.0,0.0,0.0,0.0,0.0,0.0,0.0,0.0,0.0,0.0,0.0,0.0,0.0,0.0,0.0,0.0,0.0,0.0,0.0,0.0,0.0,0.0,0.0,0.0
Domestika,Remote,data analyst,senior,0.023831275200827392,0.0,0.0,0.0,0.0,0.0,0.0,0.0,0.0,0.0,0.0,0.0,0.0,0.0,0.14626776011070927,0.022495046894400017,0.014044194336325033,0.0,0.01916996346899232,0.0,0.0,0.011423611923300846,0.0,0.017958111951112576,0.0,0.019970142267450867,0.01976135252126411,0.0,0.0,0.0,0.0,0.02548456344313563,0.0,0.0,0.0,0.0,0.0,0.0,0.0,0.0,0.0,0.009521724624851595,0.0,0.0,0.014044194336325033,0.0,0.0,0.044990093788800034,0.009913095928046761,0.011677964938704223,0.0,0.013776877578398294,0.0,0.03933085253073917
Adevinta,Unknown,data analyst,senior,0.02593078022800129,0.0,0.0,0.0,0.0,0.0,0.0,0.022205272191899578,0.0,0.0,0.0,0.0,0.012921161816314355,0.0,0.0,0.0,0.01528146999040744,0.0,0.0,0.0,0.0,0.012430017600686547,0.0,0.0,0.01936917822121358,0.0,0.02150230253810203,0.0,0.0,0.0,0.0,0.0,0.0,0.0,0.0,0.0,0.0,0.0,0.01936917822121358,0.0,0.0,0.010360576450814618,0.025540433433638904,0.0,0.0,0.0,0.01798169402688675,0.0,0.010786427067920832,0.0,0.0,0.014990602966186284,0.0,0.014265283534066706
Genially,Remote,data analyst,senior,0.0,0.04526629489665638,0.0,0.0,0.0,0.0,0.0,0.0,0.0,0.0,0.0,0.0,0.01374168870943426,0.0,0.0,0.0,0.0,0.0,0.0,0.0,0.0,0.0,0.0,0.0,0.0,0.0,0.0,0.0,0.0,0.0,0.0,0.0,0.0,0.0,0.0,0.0,0.0,0.0,0.0,0.0,0.0,0.0,0.0,0.018975071601363636,0.0,0.0,0.0,0.0,0.011471392833052782,0.0,0.0,0.0,0.02603117346958345,0.030342331202671744
Domestika,Unknown,data analyst,senior,0.024437337505129747,0.0,0.0,0.017355995348988868,0.0,0.0,0.0,0.0,0.0,0.0,0.0,0.0,0.0,0.0,0.14998755164476713,0.02306712706389662,0.014401357631608859,0.0,0.019657482165977784,0.0,0.0,0.023428260363309045,0.0,0.018414811587128405,0.0,0.020478010618509016,0.020263911060169015,0.013608573130840426,0.0,0.0,0.017498015882656696,0.026132671155137132,0.0,0.02092639427643431,0.0,0.0,0.027733012653676198,0.0,0.0,0.0,0.014217455181404737,0.009763875257515585,0.0,0.0,0.014401357631608859,0.0,0.0,0.0,0.010165199674501493,0.011974951746194385,0.0,0.014127242638635004,0.0,0.04033109053370295
Jobandtalent,Remote,data analyst,junior,0.0,0.0,0.018255437632626912,0.013919809845509598,0.0,0.0,0.017368776750971426,0.0,0.0,0.015036577823022554,0.0,0.0,0.009766155732852663,0.0,0.0,0.0,0.011550139056752657,0.0,0.0,0.0,0.013698555248961589,0.05636961569375228,0.05879750789777033,0.0,0.029279474031029012,0.0,0.0,0.01091431211181131,0.013698555248961589,0.0,0.0,0.0,0.0,0.01678333182412936,0.0,0.0,0.0,0.0,0.0,0.0,0.0,0.031323190449647355,0.0,0.013485497177193481,0.0,0.011856980352152302,0.0,0.0,0.024458000304593355,0.0,0.0,0.0,0.037000473433562574,0.010782078465350661
Domestika,Remote,data analyst,senior,0.025838031283821613,0.0,0.0,0.0,0.0,0.0,0.0,0.0,0.0,0.0,0.0,0.0,0.0,0.0,0.1585845041739021,0.024389283430723097,0.01522681138797969,0.0,0.020784205278462996,0.0,0.0,0.024771116086833415,0.0,0.019470307588706288,0.0,0.021651764595075017,0.021425393326720592,0.014388586244676586,0.0,0.0,0.018500963195601232,0.02763053768416949,0.0,0.0,0.0,0.0,0.029322607194416685,0.0,0.0,0.0,0.06012947223507553,0.010323518849058841,0.0,0.0,0.01522681138797969,0.0,0.0,0.024389283430723097,0.010747846288120753,0.012661329319344848,0.0,0.014936984733896107,0.0,0.04264277885026189
Wallbox Chargers,On-site,data analyst,junior,0.0,0.0,0.0,0.0,0.025554962303733223,0.0,0.0,0.0,0.0,0.0,0.0,0.0,0.014369102970448359,0.0,0.0,0.0,0.016993906504191934,0.0,0.0,0.0,0.02015490601450913,0.013822921295145332,0.0,0.0,0.0,0.0,0.0,0.0,0.0,0.016670445016660325,0.0,0.0,0.0,0.0,0.0,0.0,0.0,0.0,0.02153968197830149,0.0,0.01677689772456124,0.011521579248933368,0.0,0.0,0.016993906504191934,0.017445367067569148,0.01999671676034568,0.0,0.023990301092970238,0.01413069625605173,0.0,0.016670445016660325,0.0,0.01586384652693054
ALOHAS,Remote,data analyst,senior,0.0,0.0,0.0,0.0,0.019986981983493645,0.0,0.0,0.0,0.0,0.0,0.0,0.0,0.022476652383663365,0.01551832883705789,0.017303222578719777,0.0,0.05316492336658083,0.0,0.0,0.0,0.0,0.0,0.0,0.0,0.01684656116935859,0.0,0.0,0.0,0.0,0.0,0.0,0.0,0.0,0.01931328588083255,0.0,0.016701083552583176,0.0,0.03492544686382103,0.01684656116935859,0.0,0.0,0.0,0.0,0.0,0.0,0.013644326026808522,0.0,0.0,0.0,0.011051864140009629,0.027499374561978276,0.0,0.0,0.02481478242496561
Wallbox Chargers,Hybrid,data analyst,junior,0.0,0.017237244564259926,0.0,0.0,0.0,0.0,0.018612666024554553,0.0,0.0,0.0,0.0,0.0,0.010465572654056303,0.0,0.0,0.0,0.0123773184423294,0.0,0.0,0.0,0.0,0.020135534890822978,0.02100279125905436,0.0,0.0,0.0,0.0,0.0,0.0,0.0,0.045116270332712566,0.0,0.0,0.0,0.0,0.0,0.0,0.0,0.015688182286172837,0.0,0.012219262566853809,0.00839161115117384,0.0,0.0,0.0,0.012706134606858422,0.0,0.0,0.03494612566943449,0.0,0.0,0.04856691579317581,0.0,0.0
"Fundaci칩n ""la Caixa""",On-site,data analyst,senior,0.0,0.0,0.0,0.0,0.0,0.0,0.0,0.0,0.0,0.0,0.0,0.024173833726363836,0.0,0.0,0.0,0.0,0.017358182561469846,0.0,0.0,0.0,0.020586940267255032,0.014119225106644847,0.0,0.0,0.0,0.0,0.0,0.0,0.0,0.017027787454800686,0.0,0.0,0.0,0.0,0.0,0.0,0.0,0.0,0.0,0.0,0.0,0.0,0.0,0.0,0.0,0.10691592295250832,0.0,0.0,0.012252274836680005,0.014433597435217129,0.0,0.0,0.0,0.0
Jobandtalent,Remote,data analyst,unknown,0.0,0.0,0.0,0.0,0.0,0.018673939262197566,0.0,0.0,0.0,0.0,0.0,0.0,0.0,0.0,0.0,0.0,0.01354539734133164,0.0,0.0,0.0,0.01606494717835348,0.011017888165649956,0.0,0.01732030731366167,0.017168715794102077,0.0,0.0,0.0,0.01606494717835348,0.0,0.0,0.0,0.0,0.0,0.0,0.0,0.0,0.0,0.0,0.0,0.0,0.009183548755428718,0.0,0.0,0.0,0.013905244720354076,0.0,0.0,0.00956102002097947,0.0,0.0,0.0,0.0,0.012644656160499207
HP,Hybrid,data scientist,unknown,0.0,0.02117741382149277,0.0,0.0,0.0,0.0,0.0457344709885369,0.0,0.0,0.019796728983100097,0.0,0.0,0.012857841759313952,0.017754620496859597,0.0,0.0,0.015206583260823973,0.0,0.0,0.0,0.01803512667014573,0.0,0.0,0.01944444216963528,0.0,0.0,0.0,0.0,0.0,0.0,0.0,0.0,0.0,0.0,0.0,0.019107817824710775,0.0,0.019979214941933776,0.0,0.0,0.0,0.0,0.0,0.0,0.0,0.0,0.0,0.0,0.0,0.01264450931856423,0.0,0.0,0.0,0.0
Glovo,On-site,data analyst,unknown,0.0,0.0,0.0,0.0,0.02649342694436707,0.0,0.02649342694436707,0.0,0.0,0.02293601223386428,0.0,0.0,0.0,0.0,0.0,0.0,0.03523596044611982,0.0,0.0,0.0,0.020895062325643744,0.014330545713118488,0.0,0.02252786123728521,0.02233069194602823,0.0,0.0,0.0,0.0,0.0,0.0,0.0,0.0,0.0,0.0,0.0,0.0,0.0,0.02233069194602823,0.0,0.0,0.0,0.0,0.0,0.0,0.018086019945127887,0.0,0.0,0.012435653041192832,0.0,0.0,0.0,0.0,0.016446420621660917
Veeva Systems,Remote,data analyst,junior,0.0,0.0,0.0,0.0,0.0,0.04497826787724774,0.0,0.0,0.0,0.0,0.0,0.0,0.013793198005444568,0.0,0.0,0.0,0.016312800999505793,0.0,0.0,0.0,0.0,0.0,0.0,0.020858947090161253,0.0,0.0,0.0,0.0,0.0,0.0,0.0,0.0,0.0,0.0,0.0,0.0,0.0,0.0,0.02067638453924643,0.0,0.0,0.0,0.0,0.019046197690783813,0.0,0.0,0.0,0.0,0.011514392160252108,0.0,0.0337509618322825,0.016002303652953624,0.0,0.015228033143331939
Glovo,On-site,data analyst,unknown,0.0,0.0,0.0,0.0,0.027332765834512364,0.025057962404731057,0.0,0.0,0.0,0.0,0.0,0.0,0.015368730427979779,0.0,0.0,0.0,0.0,0.0,0.0,0.0,0.0,0.014784552073235016,0.0,0.023241566945797574,0.023038151129527357,0.0,0.0,0.0,0.0,0.0,0.0,0.0,0.0,0.0,0.0,0.0,0.0,0.0,0.023038151129527357,0.0,0.017944030262490605,0.0,0.0,0.0,0.0,0.0,0.0,0.0,0.012829627261430353,0.0,0.0,0.0,0.0,0.0
Glovo,On-site,data analyst,senior,0.0,0.0,0.0,0.0,0.0,0.01795408466826878,0.0,0.0,0.0,0.016954339274977175,0.0,0.0,0.02202345768510296,0.01520543418355587,0.0,0.0,0.013023240962549414,0.0,0.03555277683024204,0.0,0.01544566562960327,0.021186327556718926,0.0,0.0,0.01650688548809584,0.01851839760809377,0.018324785991080842,0.0,0.03089133125920654,0.0,0.0,0.0,0.0,0.0,0.0,0.01636434112328146,0.0,0.0,0.01650688548809584,0.0,0.0,0.017659071243090043,0.0,0.0,0.0,0.013369216721595719,0.0,0.0,0.018384911781219676,0.010829026408128228,0.026944907172774292,0.01277535699936592,0.0,0.02431444422295212
Glovo,On-site,data analyst,senior,0.0,0.02128119139406945,0.0,0.0,0.0,0.0,0.0,0.0,0.0,0.0,0.0,0.0,0.012920850189786347,0.0,0.0,0.0,0.0,0.0,0.0,0.0,0.0,0.0,0.0,0.0,0.0,0.02172896233373255,0.0,0.0,0.0,0.0,0.0,0.0,0.0,0.0,0.0,0.0,0.0,0.0,0.0,0.0,0.0,0.0,0.0,0.0,0.0,0.0,0.0,0.0,0.0,0.0,0.0,0.0,0.0,0.0
HP,Hybrid,data analyst,unknown,0.0,0.0,0.0,0.0,0.0,0.0,0.0,0.0,0.0,0.0225159538863578,0.0,0.0,0.014623959967221965,0.0,0.0,0.0,0.017295318219593864,0.0,0.0,0.0,0.0,0.014068090963367755,0.0,0.0,0.0,0.0,0.0,0.0,0.02051238266616067,0.0,0.0,0.0,0.0,0.0,0.0,0.0217324157630985,0.0,0.022723505620662724,0.0,0.0569720336383487,0.0,0.0,0.0,0.0,0.0,0.01775478609446301,0.0,0.0,0.0,0.0,0.0,0.0,0.0,0.0
HP,Hybrid,data analyst,unknown,0.0,0.0,0.0,0.0,0.0,0.0,0.0,0.0,0.0,0.02267578960881001,0.0,0.0,0.014727772189358791,0.0,0.0,0.0,0.017418093816693687,0.0,0.0,0.0,0.0,0.014167957195729143,0.0,0.0,0.0,0.0,0.0,0.0,0.020657995484485388,0.0,0.0,0.0,0.0,0.0,0.0,0.021886689323599582,0.0,0.0228848147064717,0.0,0.057376465367162746,0.0,0.0,0.0,0.0,0.0,0.01788082335127727,0.0,0.0,0.0,0.0,0.0,0.0,0.0,0.0
Glovo,On-site,data analyst,unknown,0.0,0.0,0.0,0.0,0.0,0.024378139776567432,0.0,0.0,0.0,0.023020680825640464,0.0,0.0,0.0,0.0,0.0,0.0,0.03536603445900552,0.0,0.0,0.0,0.020972196723905694,0.0,0.0,0.022611023134272427,0.0,0.0,0.024881479759075287,0.0,0.0,0.0,0.0,0.0,0.0,0.0,0.0,0.022219578587586827,0.0,0.0,0.022413125989975347,0.0,0.0,0.011988784586976161,0.0,0.0,0.01768301722950276,0.0,0.0,0.0,0.012481559418468846,0.0,0.0,0.01734643922987147,0.0,0.016507132800377793
Schneider Electric,On-site,data analyst,unknown,0.0,0.022504616421291427,0.1277042574486451,0.0,0.0,0.0,0.024300340341442937,0.0,0.025883345445723484,0.0,0.0,0.0,0.0,0.0,0.021037403146402057,0.0,0.0,0.0,0.0,0.0,0.0,0.0,0.0,0.0,0.0,0.0,0.0,0.0,0.0,0.0,0.0,0.0,0.0,0.0,0.0,0.0,0.0,0.0,0.0,0.0,0.0,0.010955926825182066,0.0,0.0,0.032319179881724766,0.0,0.0,0.0,0.0,0.0,0.0,0.031704017617664663,0.0,0.0
Agilent Technologies,Unknown,data analyst,senior,0.0,0.0,0.0,0.0,0.0,0.0,0.0,0.0,0.0,0.0,0.0,0.0,0.0,0.0,0.0,0.0,0.0,0.0,0.0,0.0,0.0,0.0,0.0,0.022285458234910866,0.0,0.0,0.0,0.0,0.0,0.0,0.0,0.0,0.0,0.0,0.0,0.0,0.0,0.0,0.0,0.0,0.0,0.0,0.0,0.0,0.0,0.0,0.0,0.0,0.0,0.0,0.0,0.0,0.027915653350543603,0.0
Brainnest,On-site,data analyst,unknown,0.0,0.0,0.0,0.0,0.0,0.024400347329333733,0.0,0.0,0.0,0.0,0.0,0.0,0.014965397201761476,0.0,0.0,0.0,0.0,0.0,0.0,0.0,0.0,0.0,0.0,0.0,0.0,0.0,0.0,0.0,0.0,0.0,0.0,0.0,0.0,0.0,0.02661545137075985,0.0,0.0,0.0,0.022433543490352408,0.0,0.0,0.0,0.0,0.0,0.0,0.0,0.0,0.0,0.0,0.0,0.0,0.0,0.0,0.016522170166889127
BrandBastion,Remote,data analyst,unknown,0.0,0.0,0.0,0.0,0.0,0.0,0.0,0.0,0.0,0.0,0.0,0.055592595453982714,0.0,0.0,0.0,0.0,0.0,0.0,0.0,0.0,0.0,0.0,0.0,0.0,0.0,0.0,0.0,0.0,0.0,0.0,0.0,0.0,0.0,0.0,0.0,0.0,0.0,0.0,0.02529832329036719,0.0,0.0,0.013532077072852245,0.0,0.0,0.0,0.0,0.0,0.0,0.0,0.0,0.0,0.0,0.0,0.0
Clarity AI,Remote,data analyst,junior,0.0,0.0,0.06910523615356842,0.0,0.0,0.015069197369579509,0.0,0.0,0.0,0.014230092456731186,0.0,0.0,0.0,0.0,0.0,0.01750797834784803,0.021861296978630443,0.0,0.014920053597563616,0.0,0.012963834591266049,0.0,0.0,0.0,0.0,0.015542835721272233,0.0,0.010328924059761638,0.0,0.0,0.0,0.0,0.0,0.0,0.016437204125543784,0.0,0.0,0.014361265241309654,0.0,0.0,0.0,0.014821587111923152,0.0,0.03828661160439687,0.021861296978630443,0.011221032382144528,0.03858625710230073,0.0,0.007715399291369749,0.009089003381658219,0.0,0.010722594866143475,0.0,0.010203782751867453
Grupo Planeta,Unknown,data scientist,junior,0.0,0.0,0.0,0.0,0.0,0.0,0.0,0.0,0.036938440374756805,0.0,0.0,0.0,0.0,0.0,0.030022736565975337,0.0,0.0,0.0,0.031478420823471034,0.0,0.0,0.0,0.0,0.0,0.029230385596049114,0.0,0.0,0.04358405498756994,0.0,0.0,0.0,0.0,0.0,0.0,0.0,0.0,0.0,0.0,0.05846077119209823,0.0,0.0,0.015635337813298438,0.0,0.0,0.023061549395257484,0.0,0.0,0.0,0.016277996866881674,0.0,0.0,0.0,0.0,0.0
Smadex,Unknown,data analyst,unknown,0.0,0.0,0.0,0.0,0.0,0.023055232034957504,0.0,0.0,0.0,0.021771437152394976,0.026432019159284392,0.0,0.014140401377283831,0.0,0.0,0.026786463364499132,0.0,0.0,0.0,0.0,0.0,0.02720582568333562,0.0,0.02138401000594496,0.0,0.0,0.0,0.0,0.019834116392145128,0.0,0.0,0.030346294819227303,0.0,0.0,0.0,0.0,0.0,0.02197212594231242,0.0,0.0,0.0,0.0,0.0,0.0,0.0,0.01716770302341145,0.0,0.0,0.0,0.0,0.0,0.0,0.0,0.0
Gartner,Unknown,data scientist,junior,0.0,0.0,0.0,0.0107051827586282,0.0,0.0,0.0,0.0,0.0,0.0,0.0,0.0,0.007510769409191221,0.010371169827394706,0.011564045446477086,0.0,0.0,0.0,0.0,0.0,0.010535024479275191,0.007225278754196021,0.0,0.0,0.0,0.0,0.0,0.008393771692171554,0.010535024479275191,0.00871368718884125,0.010792781063295905,0.0,0.016751655411609414,0.0,0.013357648665936542,0.0,0.0,0.0,0.0,0.01463023040234735,0.0,0.0060223609745459926,0.0,0.010371169827394706,0.008882761392749476,0.0,0.010452338523619008,0.0,0.006269897986566703,0.007386153567748747,0.0,0.0,0.0,0.0
AILY LABS,Hybrid,data scientist,senior,0.0,0.0473793158209064,0.08065732246308358,0.0,0.0,0.0,0.0,0.07415317201294289,0.0,0.0,0.0,0.0,0.0,0.0,0.0,0.0,0.0,0.0,0.0,0.02724630305661035,0.0,0.0,0.0,0.0,0.0,0.0,0.0,0.016074100023979677,0.02017460605854692,0.0,0.0,0.0,0.0,0.0,0.0,0.0,0.0,0.0,0.0,0.0,0.03358659199243093,0.034598522417156614,0.0,0.0,0.01701051688710643,0.0,0.0,0.0,0.024013749973737588,0.0,0.0,0.0,0.0,0.0
Glovo,On-site,data scientist,senior,0.0,0.0,0.0,0.05870702048249825,0.0,0.0,0.0,0.023594656730208507,0.026008348004684587,0.0,0.0256641999881276,0.0,0.013729639293619224,0.0,0.0,0.0,0.016237632020028918,0.0,0.0,0.026008348004684587,0.0,0.01320776416988203,0.0,0.0,0.0,0.0,0.0,0.046031285758345634,0.0,0.0,0.0,0.0,0.0,0.0,0.0,0.0,0.0,0.0,0.02058110827583013,0.0,0.0,0.011008838026008489,0.0,0.0,0.016237632020028918,0.01666900137573685,0.0,0.0,0.0,0.013501842318360966,0.0,0.0,0.0,0.0
Amazon,Unknown,data scientist,senior,0.0,0.017973398276828645,0.0,0.015553746226267214,0.01940756007758592,0.0,0.0,0.018753394401285785,0.0,0.0,0.02039829906720485,0.017973398276828645,0.010912527510136688,0.015068453028959565,0.0,0.0,0.0,0.0,0.0,0.0,0.0,0.04199093268771278,0.0,0.016502614829716843,0.0,0.01835157096868261,0.0,0.012195456885221043,0.015306520302616181,0.012660267674652937,0.04704305798017357,0.0,0.0,0.018753394401285785,0.01940756007758592,0.0,0.0,0.01695647969278005,0.0,0.0,0.0,0.008749993007411945,0.0,0.03013690605791913,0.012905918526234822,0.0,0.015186384439478664,0.02067183317964016,0.036438575350446,0.0107314709866498,0.0,0.0,0.0,0.01204770137688798
Zurich Insurance,Unknown,data scientist,senior,0.0,0.0,0.0,0.0,0.0,0.0,0.013168669491051905,0.0,0.0,0.0,0.0,0.0,0.01480901952831947,0.010224442273347897,0.0,0.0,0.0,0.0,0.0,0.0,0.0,0.007123058127540265,0.0,0.0,0.0,0.0,0.0,0.0,0.0,0.0,0.010640088706200646,0.01589059817326063,0.0,0.0,0.0,0.01100371479936501,0.0,0.0,0.0,0.014423247202013724,0.008645265001531737,0.005937158792912827,0.0,0.010224442273347897,0.00875709130210099,0.0,0.0,0.0,0.006181193740950946,0.014563313885006651,0.0,0.008590409098787173,0.0,0.016349525331868845
eDreams ODIGEO,Unknown,data scientist,senior,0.0,0.0,0.020109037150982636,0.04599955020815693,0.0,0.0,0.0,0.0,0.0,0.0,0.04021807430196527,0.0,0.010757780361464634,0.01485477199686464,0.0,0.0,0.0,0.021589207089879,0.0,0.0,0.0,0.020697736184758616,0.0,0.0,0.0,0.0,0.0,0.060112584576328024,0.0,0.012480736367881187,0.0,0.0,0.0,0.01848745836503518,0.0,0.0,0.0,0.0,0.0,0.020955084190638622,0.012560434791146467,0.008625912085962755,0.0,0.02970954399372928,0.0,0.0,0.0,0.0,0.00898046281992528,0.010579291344060278,0.0,0.0,0.0,0.0
ManoMano,Unknown,data scientist,junior,0.0,0.0,0.0,0.03681810023666114,0.0,0.0,0.0,0.0,0.0,0.009942991959818195,0.0,0.0,0.0,0.017834668444529436,0.0,0.0,0.0,0.0,0.0,0.012233349043560082,0.009058219649753488,0.01242487136407824,0.0,0.0,0.0,0.010860245011007115,0.0,0.0360856435726118,0.009058219649753488,0.007492198302058188,0.0278395313732846,0.0,0.01440340024969543,0.0,0.01148516701202904,0.0,0.0,0.0,0.0,0.0,0.0,0.0051781434988458835,0.0,0.017834668444529436,0.0,0.0,0.008987124651373853,0.0,0.005390980652735585,0.012701517972757783,0.0,0.0,0.0,0.0
PayFit Espa침a,Unknown,data scientist,junior,0.0,0.0,0.0,0.02102805634331277,0.0,0.0,0.0,0.0,0.0,0.0,0.0,0.0,0.0,0.0,0.0,0.0,0.0,0.0,0.0,0.0,0.0,0.0,0.0,0.0,0.0,0.0,0.0,0.0,0.0,0.0,0.02120012459545415,0.03166164028060207,0.0,0.0,0.0,0.0,0.0,0.0,0.0,0.0,0.0,0.011829648194511445,0.0,0.0,0.0,0.0,0.0,0.0,0.012315882045272328,0.0,0.0,0.0,0.0,0.0
Toptal,Remote,data scientist,unknown,0.0,0.0,0.0,0.015241424527685728,0.0,0.0,0.0,0.0,0.0,0.0,0.0,0.0,0.02138680444344099,0.0,0.016464223907354754,0.0,0.0,0.04292002017201713,0.0,0.0,0.0,0.010286937019810528,0.021460010086008566,0.0,0.0,0.0,0.0,0.05975285085429567,0.0,0.0124060474856951,0.0,0.0,0.0,0.0,0.0,0.0,0.04870831211774718,0.0,0.0,0.0,0.0,0.017148583511671842,0.0,0.0,0.0,0.012982739934617682,0.07440719712008706,0.0,0.0,0.010515981342028488,0.0,0.0,0.02025673948082727,0.011805781616638993
Meta,Remote,data scientist,junior,0.0,0.0,0.0,0.0,0.0,0.0,0.0,0.0,0.0,0.023551273567039063,0.0,0.0,0.015296393106851606,0.0,0.0,0.0,0.0,0.0,0.0,0.0,0.0,0.044144893063359204,0.0,0.0,0.0,0.025723907078767913,0.0,0.0,0.021455574927928826,0.0,0.0,0.0,0.0,0.0,0.0544082327244232,0.0,0.0,0.0,0.0,0.0,0.0,0.012265108390265065,0.0,0.021121869413753,0.018090584697166456,0.0,0.02128717714958871,0.0,0.01276924095486366,0.0,0.0,0.0,0.0,0.0
King,Unknown,data scientist,senior,0.02040966436310743,0.0,0.0,0.0,0.0,0.0,0.0,0.017477382035682984,0.0,0.0,0.0,0.03350091630793868,0.010170020860675913,0.0,0.015658393570245482,0.019265287026316014,0.0,0.0,0.016417607406991802,0.0,0.014265039023944333,0.009783449823988757,0.0,0.030759498552103574,0.0,0.0,0.01692408689510851,0.011365657572268347,0.0,0.0,0.0,0.0,0.0,0.0,0.0,0.0,0.046324316625780244,0.0,0.0,0.0,0.0,0.01630925765520168,0.020102429216763928,0.0,0.024055556426514395,0.01234730848294497,0.0,0.019265287026316014,0.01697961682585051,0.0,0.0,0.01179884185706383,0.0,0.0
Sysdig,Remote,data scientist,unknown,0.0,0.0,0.0,0.0,0.0,0.0,0.0,0.0,0.0,0.0,0.0,0.0,0.016164688060435983,0.0,0.0,0.0,0.0,0.0,0.026094882799983544,0.0,0.0,0.0,0.0,0.0,0.0,0.0,0.0,0.01806508676573546,0.022673493904385267,0.0,0.0,0.0,0.0,0.0,0.028748349488872685,0.0,0.0,0.0,0.0,0.0,0.037746729061251705,0.012961333418351085,0.0,0.022320845701438427,0.01911749105935353,0.0,0.02249553707901321,0.0,0.0,0.0,0.0,0.0,0.0,0.0
IQVIA,On-site,data scientist,junior,0.0,0.0,0.0,0.03826076262406708,0.0,0.02188374924110682,0.023870392329881862,0.0,0.0,0.0,0.10035582003093502,0.0,0.0,0.01853349334835102,0.020665186563254927,0.0,0.0,0.0,0.0,0.0,0.01882630497435505,0.0,0.0,0.0,0.0,0.0,0.0,0.0749992114744483,0.01882630497435505,0.015571537853658814,0.0,0.0,0.0,0.0,0.023870392329881862,0.0,0.0,0.0,0.0,0.0,0.0,0.010762082669622558,0.0,0.01853349334835102,0.015873676926266986,0.0,0.03735708694895976,0.0,0.011204436390765795,0.013199208025326337,0.0,0.0,0.0,0.0
Glovo,On-site,data scientist,senior,0.0,0.0,0.0,0.05677832717391744,0.0,0.0,0.0,0.02281950486285423,0.02515389948470169,0.0,0.024821057713483665,0.0,0.0,0.01833559460288734,0.0,0.0,0.015704179428382512,0.0,0.0,0.02515389948470169,0.0,0.012773851391369296,0.0,0.0,0.0,0.0,0.0,0.01483967551378059,0.0,0.015405266565874124,0.0,0.0,0.0,0.0,0.02361550672321183,0.0,0.0,0.020632983156358815,0.019904960082845195,0.0,0.0,0.010647166252147261,0.0,0.0,0.031408358856765024,0.01612137706862877,0.0369581917972244,0.0,0.0,0.026116536465381864,0.0,0.0,0.0,0.0
ManoMano,Unknown,data scientist,senior,0.0,0.0,0.0,0.042866916689506686,0.0,0.0,0.0,0.0,0.0,0.011576518213765766,0.0,0.0,0.007518870387299044,0.020764711961845306,0.0,0.0,0.0,0.0,0.0,0.014243156244161016,0.010546387363424921,0.014466143614640764,0.0,0.0,0.0,0.0,0.0,0.03361130024137631,0.010546387363424921,0.008723085611999979,0.010804421958968895,0.0,0.016769723439845396,0.0,0.01337205598075602,0.0,0.0,0.0,0.0,0.0,0.0,0.0060288565826194475,0.0,0.020764711961845306,0.0,0.0,0.010463612224213752,0.0,0.006276660583520525,0.014788240274991864,0.0,0.0,0.0,0.0
Zurich Insurance,Unknown,data scientist,junior,0.0,0.0,0.0,0.0,0.0,0.0,0.0,0.0,0.0,0.0,0.02986925584035236,0.0,0.015979228218552657,0.0,0.0,0.0,0.0,0.0641356963156671,0.0,0.0,0.0,0.015371844329912728,0.0,0.0,0.0,0.0,0.0,0.035715646740399454,0.0,0.0,0.02296173698426053,0.0,0.03563929476161135,0.0,0.0,0.0,0.0,0.0,0.0,0.0,0.018656827645498867,0.012812626135081705,0.0,0.0,0.018898153274682545,0.0,0.0,0.030269792196765025,0.0,0.015714106915851036,0.0,0.0,0.0,0.0352829295745533
MANGO,Unknown,data scientist,junior,0.0,0.0,0.0,0.14168673807483684,0.0,0.0,0.017679302731201288,0.017083390984364653,0.018830991393597642,0.0,0.07432726277162262,0.0,0.009940758995103237,0.013726596322508985,0.0,0.0,0.0,0.0,0.0,0.018830991393597642,0.0,0.009562902394528004,0.019949571135010828,0.0,0.0,0.0,0.0,0.05554721287920778,0.0,0.0115328616262654,0.0,0.0,0.0,0.0,0.0,0.0,0.022640015861242296,0.03089298567627204,0.0,0.0,0.01160650719173984,0.00797079976336584,0.0,0.013726596322508985,0.0,0.0,0.0,0.0,0.0,0.009775825686774573,0.0,0.0,0.0,0.0
International Flavors & Fragrances,Hybrid,data scientist,senior,0.0,0.023027088968594654,0.0,0.0,0.0,0.0,0.0,0.0,0.0,0.021525812520051573,0.0,0.0,0.0,0.019305342438456528,0.0,0.0,0.0,0.0,0.0,0.0,0.0,0.026898890459707867,0.0,0.0,0.0,0.0,0.0,0.031249056676242098,0.01961034854840676,0.016220032829645594,0.060270443283992725,0.0,0.0,0.048052802780014836,0.02486450284396474,0.020776730565597406,0.0,0.0,0.0,0.0,0.01632360933376602,0.0,0.0,0.0,0.0,0.0,0.0,0.0,0.011671058299048784,0.013748904540331583,0.0,0.016220032829645594,0.0,0.015435227506771213
Fluendo,Unknown,data scientist,junior,0.0,0.0,0.0,0.031083163954022764,0.0,0.0,0.038784763687373415,0.03747745555248872,0.0,0.03357692518559847,0.0,0.0,0.06542395834725542,0.0,0.0,0.0,0.0,0.0,0.0,0.0,0.0,0.0,0.0,0.0,0.0,0.0,0.0,0.024371838163166192,0.030589098806839632,0.0,0.06267502215969409,0.0,0.0,0.0,0.0,0.0,0.0,0.0,0.0,0.08495956781583518,0.0,0.03497259930686305,0.0,0.0,0.0,0.0,0.030349014991896378,0.0,0.01820503876352539,0.021446156269577254,0.0,0.0,0.0,0.0
Accenture Espa침a,On-site,data scientist,senior,0.0,0.0,0.02206374226589323,0.016823650191363424,0.0,0.0,0.0,0.0,0.022359609393726727,0.0,0.0,0.0,0.011803493696208367,0.016298734658283416,0.0,0.0,0.0,0.02368779257702095,0.01905454553043781,0.0,0.0,0.011354832984771999,0.0,0.0,0.0,0.0,0.0,0.0,0.0,0.013693930168905912,0.08480657327149137,0.0,0.02632593923200717,0.02028453741742855,0.020992113222329113,0.0,0.0,0.0,0.0,0.0,0.0,0.018928793024148908,0.0,0.016298734658283416,0.02791927494829901,0.014330489567343414,0.016426294717981238,0.0,0.0,0.034822963797608034,0.0,0.0,0.0,0.039094050518673165
HP,Hybrid,data scientist,senior,0.0,0.0,0.0,0.018809747787968036,0.0,0.0,0.0,0.0,0.0,0.02031882903461123,0.02466845319294816,0.0,0.013196942216293011,0.018222863926563783,0.0,0.0,0.0,0.0,0.0,0.0,0.01851076790216599,0.012695315355980572,0.0,0.0,0.0,0.0,0.0,0.0,0.01851076790216599,0.03062110419240617,0.0,0.0,0.0,0.0,0.0,0.0,0.0,0.0,0.0,0.0,0.030816641831439794,0.0105817054760705,0.0,0.0,0.0,0.0,0.01836548294939427,0.0,0.0,0.012977983549190468,0.0,0.0,0.0,0.029139503888948804
M Digital Partner,On-site,data scientist,unknown,0.0,0.0,0.0,0.0,0.0,0.0,0.0,0.0,0.0,0.0,0.0,0.0,0.04058484468086448,0.0,0.0,0.0,0.0,0.0,0.0,0.0,0.0,0.0,0.0,0.0,0.0,0.0,0.0,0.022678097399484842,0.0,0.0,0.0,0.0,0.045259233507791874,0.0,0.0,0.0,0.0,0.0,0.0,0.0,0.07107831885313792,0.08135537501156227,0.0,0.0,0.0,0.024636802808570512,0.0,0.0,0.0,0.0,0.0,0.0,0.0,0.0
IT at Nestl칠 North America,Unknown,data scientist,senior,0.0,0.0,0.13689000686127092,0.0,0.0,0.0,0.0,0.017978755972364684,0.01981795062192583,0.0,0.0,0.0,0.0,0.0,0.0,0.0,0.0,0.0,0.0,0.01981795062192583,0.0,0.0,0.0,0.0,0.0,0.0,0.0,0.011691704371974964,0.0,0.0,0.015033290178858764,0.0,0.023333420302150496,0.0,0.0,0.0,0.0,0.0,0.0,0.0,0.0,0.008388560794592517,0.0,0.0,0.0,0.0,0.029118173926015577,0.0,0.0,0.010288190711771093,0.0,0.0,0.0,0.0
Accenture Espa침a,Unknown,data scientist,senior,0.0,0.0,0.04194091300075215,0.0,0.0,0.0,0.0,0.0,0.0,0.0,0.0,0.0,0.0,0.0,0.0,0.0,0.0,0.0,0.0,0.0,0.0,0.0,0.0,0.0,0.0,0.0,0.0,0.025075061138299517,0.0,0.0,0.0,0.0,0.0,0.0,0.0,0.0,0.0,0.0,0.0,0.0,0.0,0.01799084787765793,0.0,0.0,0.0,0.0,0.0,0.0,0.0,0.0,0.0,0.0,0.0,0.0
Zurich Insurance,Unknown,data scientist,senior,0.0,0.0,0.0,0.0,0.0,0.0,0.0,0.02531982308791029,0.0,0.0,0.0,0.02426671433021486,0.014733506910070157,0.020344613713002446,0.0,0.0,0.03484975219727101,0.0,0.0,0.0,0.020666039323909098,0.014173473934888565,0.0,0.0,0.0,0.024777302730881395,0.0,0.0,0.0,0.0,0.0,0.0,0.0,0.0,0.0,0.021895211593563668,0.0,0.0,0.022085933542316052,0.0,0.0172023639236716,0.011813769295703214,0.0,0.020344613713002446,0.0,0.0,0.020503838351857512,0.08372998740570346,0.012299350476326623,0.014489054143520022,0.0,0.017093211549255506,0.0,0.0
Centre for Genomic Regulation (CRG),On-site,data scientist,junior,0.0,0.0,0.0,0.0,0.015209622487895093,0.0,0.015209622487895093,0.0,0.0,0.0,0.0,0.0,0.017104203017218666,0.0,0.013167344797913726,0.0,0.0,0.0,0.0,0.0,0.0,0.0,0.0,0.0,0.0,0.0,0.0,0.00955752781648406,0.01199565501667391,0.0,0.0,0.018353410683316005,0.0,0.0,0.015209622487895093,0.0,0.0,0.0,0.0,0.0,0.009985155832975962,0.0,0.0,0.0,0.0,0.0,0.04760602020184414,0.0,0.0,0.02523062483808816,0.0,0.0,0.0,0.0
HP,Hybrid,data scientist,senior,0.028135321171947714,0.0,0.0,0.019982393879862236,0.0,0.0,0.0,0.0,0.0,0.0,0.0,0.0,0.0,0.01935892223034784,0.0,0.0,0.0,0.0,0.0,0.0,0.05899432455065631,0.01348677264213716,0.0,0.0,0.0,0.02357684856598488,0.0,0.01566789244727504,0.0,0.01626504969408367,0.04029181138305635,0.0,0.0,0.07227925183928441,0.0,0.0,0.0,0.0,0.0,0.0,0.0,0.011241395106785637,0.0,0.0,0.0,0.0,0.0,0.0,0.0,0.013787063068021669,0.0,0.0,0.0,0.0
Ocado Technology,Unknown,data scientist,unknown,0.0,0.0,0.019939718631953502,0.0,0.0,0.0,0.0,0.0,0.0,0.0,0.0,0.0,0.0106671996228063,0.0,0.016423880764308882,0.0,0.0,0.0,0.0,0.020207103339876045,0.0,0.010261730403693705,0.0,0.0,0.0,0.017939003657327975,0.0,0.05960643534008873,0.0,0.012375648303130187,0.0,0.0,0.0,0.0,0.018971252750282597,0.0,0.0,0.0,0.0,0.0,0.012454675663982338,0.017106563446739633,0.0,0.0,0.0,0.0,0.04453492398001821,0.0,0.008904847132637556,0.010490213486711622,0.0,0.0,0.0,0.0
Socialpoint,Unknown,data scientist,senior,0.0,0.0,0.0,0.0,0.023651619830480756,0.0,0.0,0.0,0.0,0.0,0.0,0.0,0.013298887187653124,0.0,0.020475789822197853,0.025192365120056025,0.015728194442030736,0.0,0.0,0.0,0.01865376161030773,0.012793385313335936,0.0,0.0,0.0,0.0,0.022130881092128674,0.014862368517997963,0.01865376161030773,0.0,0.0,0.0,0.0,0.0,0.0,0.0,0.030288131621906588,0.0,0.0,0.0,0.01552734855172191,0.021326896044978234,0.0,0.036727267214389486,0.03145638888406147,0.0,0.018507354346768364,0.025192365120056025,0.011101747565223535,0.026156474176391904,0.0,0.015428824478499943,0.025192365120056025,0.01468230172459465
YourCode (YCG),On-site,data scientist,unknown,0.0,0.0,0.0,0.04441843572089833,0.0,0.0,0.0,0.0,0.0,0.0,0.0,0.0,0.015582014606325162,0.0,0.0,0.0,0.0,0.03127070166058616,0.025154264865456365,0.0,0.0,0.014989729140782747,0.0,0.0,0.0,0.0,0.0,0.06965564563839263,0.0,0.0,0.0,0.0,0.0,0.0,0.0,0.0,0.0,0.0,0.0,0.0,0.018193053938758124,0.037482384915892376,0.0,0.0,0.018428380665893467,0.0,0.0,0.0,0.03902302281599593,0.0,0.0,0.0,0.0,0.0
Mediktor,Hybrid,data scientist,unknown,0.0,0.01820893281850256,0.04133122202108065,0.0,0.0,0.0,0.0,0.0,0.0,0.0,0.0,0.0,0.022111064057186297,0.0,0.0,0.0,0.0,0.0,0.0,0.0,0.0,0.0,0.0,0.0,0.0,0.0,0.0,0.0,0.0,0.0,0.0,0.0,0.04931544369032793,0.01899915049521442,0.0,0.0,0.0,0.0,0.0,0.0,0.012908079962665256,0.026593975003559145,0.0,0.0,0.0,0.013422397679432648,0.0,0.0,0.0,0.010872102828296914,0.0,0.0,0.02094272968338054,0.0
TMC,Remote,data scientist,junior,0.0,0.02262892110604239,0.0,0.019582523618327588,0.0,0.0,0.0,0.0,0.0,0.0,0.0,0.0,0.0,0.0,0.0,0.0,0.0,0.0,0.022179258581936617,0.0,0.0,0.013216887095085433,0.0,0.0,0.0,0.0,0.0,0.0,0.0192712605040572,0.0,0.039485526748076545,0.02948512256517022,0.0,0.0,0.0,0.0,0.0,0.0,0.0,0.0,0.0,0.011016442099233588,0.0,0.0,0.016248847748936077,0.0,0.0,0.0,0.02293850150432753,0.013511168370521966,0.0,0.015939567686564952,0.0,0.0
Affirm,Remote,data scientist,senior,0.0,0.0,0.0,0.028514388313625565,0.0,0.0,0.0,0.0,0.0,0.015401030032462307,0.0,0.0,0.010002864981224404,0.013812354744085903,0.0,0.0,0.0,0.0,0.0,0.018948640085283526,0.0,0.009622647679941842,0.0,0.0,0.0,0.0,0.0,0.03353655012385346,0.01403057685556496,0.0,0.0,0.0,0.0,0.0,0.0,0.0,0.0,0.0,0.0,0.0,0.01167902012308849,0.024061794636988654,0.0,0.0,0.0,0.012144366400858761,0.0,0.0,0.0,0.009836901233895757,0.0,0.0,0.0,0.0
Locaria - a Stagwell company,On-site,data scientist,senior,0.0,0.0,0.0,0.0,0.0,0.0,0.0,0.019456188930023204,0.0,0.017431252748343975,0.02116273736958483,0.0,0.0339644427667033,0.01563315220387605,0.0,0.0,0.0,0.0,0.0,0.0,0.015880141189187482,0.0,0.0,0.0,0.0,0.0,0.0,0.012652488833197285,0.0,0.013134718681425728,0.016268674785359365,0.0,0.0,0.0,0.0,0.0,0.0,0.035183867563539424,0.016971212405524853,0.0,0.0,0.018155808324163063,0.0,0.0,0.026779150887446295,0.0,0.03151100632728155,0.0,0.028353099358530896,0.011133639198619186,0.0,0.0,0.021446522334400732,0.0
Revolut,Remote,data scientist,unknown,0.0,0.0,0.0,0.03985805954052313,0.0,0.0,0.0,0.0,0.0,0.0,0.0,0.0,0.0,0.0,0.0,0.0,0.0,0.0,0.0,0.0,0.0196122589601463,0.013450755455319534,0.0,0.0,0.0,0.0,0.0,0.04687815137109388,0.0196122589601463,0.0,0.0,0.0,0.0,0.0,0.02486692510780231,0.0,0.0,0.02172635348939656,0.0,0.0,0.0489755986684016,0.011211374327285964,0.0,0.038614446273885605,0.0,0.0,0.0,0.0,0.011672195276636526,0.013750243938689283,0.0,0.0,0.0,0.0
Meta,Remote,data scientist,senior,0.0,0.0,0.0,0.0,0.0,0.0,0.0,0.0,0.0,0.023610355682593943,0.0,0.0,0.030669533083679423,0.0,0.0,0.0,0.0,0.030774512903482605,0.0,0.0,0.0,0.04425563754881996,0.0,0.0,0.0,0.05157687918208531,0.0,0.0,0.043018799300256476,0.0,0.0,0.0,0.0,0.0,0.054544724429800025,0.0,0.0,0.023827995596683815,0.0,0.0,0.0,0.012295877365418111,0.0,0.042349713965188995,0.018135967806172895,0.0,0.021340579419177625,0.0,0.012801274626736896,0.0,0.0,0.0,0.0,0.0
Shotl - On-demand Shuttles,On-site,data scientist,unknown,0.0,0.0,0.0,0.18607700152861867,0.0,0.0,0.0,0.0,0.0,0.0,0.0,0.0,0.0,0.0,0.0,0.0,0.0,0.0,0.0,0.0,0.0,0.0,0.0,0.0,0.0,0.0,0.0,0.0,0.0,0.0,0.0,0.0,0.0,0.0,0.0,0.0,0.0,0.0,0.0,0.0,0.0,0.0,0.0,0.0,0.0,0.0,0.0,0.0,0.0,0.0,0.0,0.0,0.0,0.0
Savana,Remote,data scientist,junior,0.0,0.0,0.019110568326922064,0.0,0.0,0.0,0.0,0.0,0.0,0.0,0.0,0.0,0.0,0.014117191842427827,0.0,0.0,0.0,0.0,0.0,0.0,0.0,0.009835018419867711,0.0,0.0,0.0,0.0,0.0,0.01142556599034044,0.014340230091089128,0.011861033590911608,0.014691087246629831,0.0,0.04560456285254776,0.0,0.018182374015578793,0.0,0.0,0.0,0.0,0.0,0.02387354953793241,0.008197611902704093,0.0,0.028234383684855653,0.01209117667138393,0.024824782372327353,0.04268303496973851,0.0,0.008534558220714158,0.010054000525390627,0.0,0.0,0.0,0.0
Koa Health,Remote,data scientist,senior,0.023369164841429486,0.01917935595634546,0.0,0.0,0.0,0.0,0.0,0.02001168733214431,0.0,0.0,0.0,0.0,0.0116447232892039,0.016079498150690354,0.0,0.0,0.0,0.0,0.0,0.022058847231669294,0.0,0.0,0.0,0.0,0.0,0.0,0.0,0.026027466264236104,0.0,0.013509731242523094,0.01673316569261765,0.0,0.0,0.0,0.0,0.0,0.0,0.0,0.0,0.0,0.0,0.009337089621000634,0.0,0.016079498150690354,0.0,0.0,0.01620534238259032,0.0,0.0,0.0,0.0,0.0,0.0,0.0
Revolut,Remote,data scientist,unknown,0.0,0.0,0.0,0.04751778814165401,0.0,0.0,0.0,0.0,0.0,0.0,0.0,0.0,0.0,0.0,0.02566503879362876,0.0,0.0,0.0,0.0,0.03157695179155225,0.023381247782522034,0.016035656412757768,0.0,0.0,0.0,0.0,0.0,0.0745159562374685,0.023381247782522034,0.0,0.0,0.0,0.0,0.0,0.029645730189288053,0.0,0.0,0.025901618746648127,0.0,0.0,0.058387491725976674,0.01336592187883919,0.0,0.06905277496202322,0.0,0.0,0.0,0.0,0.013915301163603754,0.016392699140569456,0.0,0.0,0.0,0.0
Oracle,Remote,data scientist,junior,0.0,0.0,0.0,0.0,0.0,0.0388276761533167,0.0,0.0,0.0,0.03666561715205213,0.0,0.0,0.023814070685673844,0.0,0.0,0.0,0.02816418613944497,0.0,0.0,0.0,0.0,0.04581775570570997,0.0,0.0,0.0,0.0,0.0,0.053227535424578074,0.03340294501888846,0.0,0.0,0.0,0.0,0.0,0.0,0.0,0.0,0.03700360027582641,0.0,0.0,0.0,0.0,0.0,0.0,0.0,0.08673718992877155,0.033140776246898304,0.0,0.0,0.0,0.0,0.0,0.0,0.02629132544432016
Adevinta,Unknown,data scientist,unknown,0.05759503132126371,0.0,0.0,0.020452700616973653,0.0,0.0,0.025520347972660527,0.0,0.0,0.0,0.0,0.0,0.014349639944773533,0.01981455490393476,0.0,0.0,0.0,0.0,0.0,0.0,0.0,0.013804198075427175,0.0,0.0,0.0,0.0,0.0,0.0,0.0,0.016647864811059645,0.0,0.0,0.0,0.0,0.0,0.0,0.0,0.0,0.0,0.0,0.0,0.011505973209141061,0.0,0.0,0.0,0.0,0.0,0.0,0.0,0.028223112307055122,0.0,0.0,0.0,0.0
Grupo DISA,Remote,data scientist,junior,0.0,0.0,0.0,0.02381286297061312,0.0,0.0,0.0,0.0,0.03164867959764074,0.0,0.06245979501717883,0.027517362316196853,0.0,0.0,0.0,0.0,0.0,0.0,0.0,0.0,0.0,0.01607208179229626,0.0,0.0,0.0,0.0,0.0,0.037342610512873846,0.0,0.019382932891026442,0.0,0.0,0.0,0.0,0.0,0.024828184904278745,0.0,0.0,0.0,0.0,0.0,0.013396282892120267,0.03302392227775043,0.0,0.0,0.0,0.0,0.0,0.013946910105154371,0.03285987110251721,0.0,0.019382932891026442,0.0,0.036890181673942875
QUANT AI Lab,Remote,data scientist,junior,0.0,0.016413675438116445,0.055884433520349885,0.05681599850461322,0.0,0.0,0.0,0.017125983874876197,0.0566338243823809,0.0,0.0,0.0,0.009965543632993196,0.01376081993858122,0.0,0.0,0.0,0.019999310083202288,0.016087516948598994,0.018877941460793635,0.0,0.0,0.0,0.0,0.0,0.0,0.0,0.04454856406128236,0.027956455697971862,0.011561615748499204,0.0,0.0,0.0,0.017125983874876197,0.0,0.014809623249990944,0.0,0.03097000911720882,0.0,0.0,0.0,0.00799067283200433,0.0,0.01376081993858122,0.023571898275184713,0.0,0.013868517318142173,0.018877941460793635,0.008319113336522334,0.009800199107339482,0.0,0.011561615748499204,0.018877941460793635,0.011002207658777805
Oxford Global Resources,Remote,data scientist,senior,0.0,0.0,0.0,0.03536244278701476,0.0,0.0,0.0,0.0,0.0,0.0,0.0,0.0,0.0,0.0,0.0,0.0,0.0,0.0,0.0,0.0,0.0,0.0,0.0,0.037519756607990916,0.0,0.0,0.0,0.0554543117897628,0.0,0.0,0.0,0.0,0.0,0.0,0.0,0.036870210409663096,0.0,0.0,0.0,0.0,0.0,0.019893672084531817,0.0,0.0,0.0,0.0,0.0,0.0,0.02071136138723856,0.02439868976035026,0.0,0.0,0.0,0.0
The Knot Worldwide,Remote,data scientist,senior,0.0,0.0,0.0,0.015585743913487464,0.0,0.0,0.0,0.0,0.0,0.0,0.0,0.0,0.0,0.0,0.0,0.0,0.0,0.021944813686793477,0.0,0.0,0.0,0.0,0.0,0.0,0.0,0.0,0.0,0.012220545787228606,0.015338009388393237,0.0,0.01571327884442604,0.0,0.0,0.0,0.0194474859596234,0.0,0.0,0.0,0.0,0.0,0.0,0.008767993785832626,0.0,0.0,0.012932469013704848,0.0,0.0,0.0,0.0,0.0,0.0,0.0,0.0,0.0
Unknown,On-site,data scientist,junior,0.0,0.0,0.0,0.03365215182445384,0.0,0.019247793338200873,0.020995139973743523,0.0,0.0,0.0,0.08826769412129401,0.0,0.0,0.01630108469411152,0.018176009781620893,0.022362833317809135,0.0,0.0,0.0,0.0,0.01655862637959937,0.0,0.0,0.0,0.0,0.0,0.0,0.06596535662529793,0.01655862637959937,0.013695904630555797,0.0,0.0,0.0,0.0,0.020995139973743523,0.0,0.0,0.0,0.0,0.0,0.0,0.00946576113769485,0.0,0.01630108469411152,0.013961650246852378,0.0,0.03285732629215648,0.0,0.00985483217452412,0.011609328250854803,0.0,0.0,0.0,0.0
Grupo DISA,Remote,data scientist,unknown,0.0,0.0,0.0,0.0,0.0,0.0,0.0,0.0,0.0,0.0,0.03325284688177542,0.0,0.0,0.0,0.0,0.0,0.0,0.0,0.02871760725309648,0.0,0.0,0.017113167750986247,0.0,0.0,0.0,0.0,0.0,0.03976151728352112,0.0,0.020638482702921405,0.0,0.07635441613233912,0.0,0.0,0.0,0.02643645662773358,0.0,0.02764207059717421,0.0,0.0,0.04154054833581216,0.02852808233995024,0.03516308148740024,0.0,0.02103893717842045,0.0,0.0,0.0,0.0,0.034988403725191596,0.0,0.020638482702921405,0.0,0.019639890945961476
DerbySoft,Hybrid,data scientist,senior,0.0,0.02225947310128884,0.0,0.05778843662428824,0.0,0.0,0.0,0.046450946204363304,0.0,0.0,0.0,0.0,0.013514812771501237,0.018661792261543485,0.0,0.0,0.015983563144678664,0.0,0.0,0.0,0.0,0.026002206768688415,0.0,0.0,0.0,0.0,0.0,0.030207358710175394,0.01895663088875448,0.0,0.019420435831214666,0.0,0.0,0.023225473102181652,0.02403563615822219,0.0,0.0,0.0,0.0,0.0,0.01577945624722567,0.010836583654636418,0.0,0.0,0.0,0.0,0.0,0.0,0.0,0.013290580116535534,0.0,0.0,0.0,0.0
Wallbox Chargers,On-site,data scientist,senior,0.0,0.0,0.0,0.019439254069915552,0.0,0.0,0.0,0.0,0.0,0.0,0.0,0.0,0.027277209198159846,0.0,0.0,0.0,0.0,0.0,0.0,0.025835899044777923,0.019130268217079287,0.013120189780559864,0.0,0.0,0.0,0.0,0.0,0.060968098988306046,0.0,0.015822950711712948,0.0,0.0,0.0,0.02343821180676522,0.0,0.0,0.0,0.0,0.040889289511830275,0.0,0.0,0.01093584366792684,0.0,0.0,0.0,0.0,0.018980121009296327,0.0,0.01138533948475444,0.026824636073990785,0.0,0.015822950711712948,0.0,0.01505735818347621
Keepler Data Tech,Remote,data scientist,senior,0.0,0.022466634238607334,0.0,0.0,0.0,0.0,0.0,0.0,0.05167932162135669,0.0,0.02549774489910647,0.0,0.0,0.0,0.021001897253986598,0.0,0.0,0.0,0.0,0.025839660810678344,0.0,0.013122100110153505,0.0,0.0,0.0,0.0,0.0,0.030488488041373506,0.0,0.015825254569470256,0.0,0.0,0.0,0.02344162446392837,0.0,0.0,0.0,0.0,0.020447621542879497,0.0,0.015926310132201655,0.010937435951738255,0.0,0.0,0.016132316581221683,0.0,0.018982884558258757,0.0,0.02277399443236653,0.013414270901130282,0.0,0.0,0.0,0.0
Scopely,Remote,data scientist,senior,0.0,0.0,0.0,0.017304268775213853,0.0,0.0,0.0,0.0,0.0,0.0,0.0,0.0,0.0,0.016764357438174515,0.0,0.0,0.0,0.0,0.0,0.0,0.0,0.011679218221443218,0.0,0.0,0.0,0.0,0.0,0.02713603021528065,0.0,0.0,0.0,0.0,0.0,0.020864026739705964,0.0,0.0,0.02765035915578174,0.0,0.0,0.0,0.0,0.009734775698332575,0.0,0.0,0.04307531054965197,0.0,0.0,0.022998379439467358,0.0,0.011939262451947836,0.0,0.0,0.0,0.0
Babel,Remote,data scientist,junior,0.0,0.04205538230632273,0.0,0.07278743104296354,0.0,0.0,0.0,0.0438804704007531,0.04836936420994342,0.0,0.0,0.0,0.0,0.0,0.0,0.0,0.0,0.051242552868968234,0.0,0.0,0.0,0.024563311572768712,0.051242552868968234,0.0,0.0,0.0,0.0,0.05707152245877276,0.0,0.0,0.0,0.0,0.0,0.0,0.0,0.03794545407816637,0.0,0.0,0.0,0.0,0.029812523505982923,0.04094766002918507,0.0,0.0,0.0,0.0,0.0,0.0,0.021315365539920993,0.02511022724259139,0.0,0.0,0.0,0.0
ClearPeaks,Remote,data scientist,unknown,0.0,0.0,0.07959306936227636,0.0,0.0,0.023141587878240492,0.0,0.02439157984761323,0.02688679493474327,0.0,0.026531023120758786,0.0,0.01419336576660092,0.0,0.0,0.0,0.0,0.0,0.0,0.0,0.0,0.027307728020103787,0.028483897471562426,0.0,0.0,0.023868948683821868,0.0,0.04758601894069883,0.0,0.0,0.0,0.0,0.0,0.0,0.0,0.0,0.0,0.0,0.0,0.05529452444540468,0.0,0.011380667869477154,0.0,0.0,0.0,0.0,0.0,0.0,0.011848447288731054,0.013957874817332613,0.0,0.0,0.0,0.0
Babel,Remote,data scientist,senior,0.0,0.04345568307997152,0.0,0.03760550210398116,0.0,0.0,0.0,0.045341540382300004,0.04997989904305324,0.0,0.0,0.0,0.0,0.0,0.0,0.0,0.0,0.052948755083550576,0.0,0.0,0.0,0.025381186059039947,0.052948755083550576,0.0,0.0,0.0,0.0,0.029485904738607533,0.0,0.03060971393966129,0.0,0.0,0.0,0.0,0.0,0.03920890826139281,0.0,0.0,0.0,0.0,0.06161035768757818,0.04231107742961028,0.0,0.0,0.0,0.0,0.0,0.0,0.02202509450252444,0.05189262431011437,0.0,0.0,0.0,0.0
Accenture Espa침a,On-site,data scientist,senior,0.0,0.0,0.07314762500952648,0.0,0.0,0.0,0.0,0.016812262836248548,0.018532127319807534,0.0,0.01828690625238162,0.0,0.00978299057666233,0.013508743400670141,0.0,0.0,0.0,0.0,0.0,0.0,0.01372216874073283,0.009411130886212328,0.0,0.0,0.0,0.032904062910595715,0.0,0.010933126141068924,0.01372216874073283,0.011349825165994106,0.01405790401566505,0.0,0.0,0.0,0.017398716949731923,0.0,0.0,0.015201343675307311,0.0,0.019056290822270786,0.02284460382566094,0.00784429629688055,0.0,0.027017486801340283,0.011570049120888362,0.0,0.0,0.0,0.0,0.01924134980435988,0.0,0.0,0.0,0.0
"Solera, Inc.",Remote,data scientist,unknown,0.0,0.0,0.042967470204732454,0.01638139350117596,0.0,0.0,0.02044027682486801,0.0,0.0,0.0,0.0,0.0,0.011493205857638498,0.0,0.0,0.0,0.0,0.0,0.0,0.04354364907078988,0.0,0.0,0.0,0.0,0.0,0.0,0.0,0.05137761032156869,0.016121012170523943,0.0,0.01651543906874378,0.0,0.025633888302607752,0.0,0.0,0.0,0.0,0.0,0.0,0.0,0.0,0.018431196767873845,0.0,0.015870276840733423,0.0,0.0,0.0,0.02177182453539494,0.0,0.0,0.0,0.0,0.0,0.0
Premier Research,Remote,data scientist,senior,0.0,0.0,0.0,0.0,0.0,0.0,0.0,0.0,0.0,0.021131240444235283,0.0,0.0,0.04117379381845405,0.0,0.0,0.0,0.0,0.0,0.0,0.0,0.0,0.0,0.0,0.0,0.0,0.0,0.0,0.0,0.0,0.0,0.0,0.0,0.0,0.0,0.0,0.0,0.0,0.0,0.0,0.0,0.0,0.0,0.0,0.0,0.0,0.016662880724115415,0.0954989668491935,0.0,0.0,0.0,0.0,0.0,0.0,0.0
Zurich Insurance,Unknown,data scientist,senior,0.0,0.0,0.0,0.0,0.0,0.0,0.0,0.02531982308791029,0.0,0.0,0.0,0.02426671433021486,0.014733506910070157,0.020344613713002446,0.0,0.0,0.03484975219727101,0.0,0.0,0.0,0.020666039323909098,0.014173473934888565,0.0,0.0,0.0,0.024777302730881395,0.0,0.0,0.0,0.0,0.0,0.0,0.0,0.0,0.0,0.021895211593563668,0.0,0.0,0.022085933542316052,0.0,0.0172023639236716,0.011813769295703214,0.0,0.020344613713002446,0.0,0.0,0.020503838351857512,0.08372998740570346,0.012299350476326623,0.014489054143520022,0.0,0.017093211549255506,0.0,0.0
